ticket_id,subject,description,ticket_type,status,priority,agent_email,agent_name,requester_email,requester_name,company_name,department,created_at,updated_at,closed_at,tags,resolution_time_hours,first_response_time_hours
500082,Cannot access account,Customer reported: Cannot access account. Detailed description and context provided.,Login Problem,solved,high,david.rodriguez@company.com,David Rodriguez,michael.jones@customer.com,Michael Jones,TechCorp Inc,Product,2024-04-01 08:08:00,2024-04-02 15:08:00,2024-04-02 03:08:00,escalated,19.0,4.45
500476,How to export data to CSV,Customer reported: How to export data to CSV. Detailed description and context provided.,How-to Question,solved,low,laura.anderson@company.com,Laura Anderson,david.garcia@customer.com,David Garcia,MegaCorp Industries,Sales,2024-04-01 08:09:00,2024-04-02 02:09:00,2024-04-03 13:09:00,"onboarding,urgent,bug",53.0,2.69
500566,Slow dashboard load,Customer reported: Slow dashboard load. Detailed description and context provided.,Performance Issue,open,normal,sarah.williams@company.com,Sarah Williams,lisa.williams@customer.com,Lisa Williams,MegaCorp Industries,Technical Support,2024-04-01 08:39:00,2024-04-02 23:39:00,,"integration,feature",,7.56
500301,Advanced filtering,Customer reported: Advanced filtering. Detailed description and context provided.,Feature Request,pending,low,jessica.martinez@company.com,Jessica Martinez,sarah.jones@customer.com,Sarah Jones,DataFlow Systems,Technical Support,2024-04-01 08:54:00,2024-04-04 07:54:00,,training,,7.64
500962,GDPR compliance,Customer reported: GDPR compliance. Detailed description and context provided.,Security Question,solved,high,sarah.williams@company.com,Sarah Williams,emily.brown@customer.com,Emily Brown,Digital Dynamics,Product,2024-04-01 09:15:00,2024-04-04 01:15:00,2024-04-01 17:15:00,"feature,vip,urgent",8.0,2.73
500142,Email template,Customer reported: Email template. Detailed description and context provided.,Configuration Help,open,normal,chris.brown@company.com,Chris Brown,jennifer.brown@customer.com,Jennifer Brown,InnovateCo,Billing,2024-04-01 09:18:00,2024-04-03 18:18:00,,"integration,training,onboarding",,2.54
500387,IP whitelist setup,Customer reported: IP whitelist setup. Detailed description and context provided.,Security Question,solved,normal,robert.lee@company.com,Robert Lee,michael.martinez@customer.com,Michael Martinez,SmartBusiness Co,Customer Success,2024-04-01 09:44:00,2024-04-03 19:44:00,2024-04-01 18:44:00,escalated,9.0,3.6
500204,Create custom fields,Customer reported: Create custom fields. Detailed description and context provided.,How-to Question,solved,normal,kevin.wilson@company.com,Kevin Wilson,sarah.brown@customer.com,Sarah Brown,MegaCorp Industries,Customer Success,2024-04-01 09:44:00,2024-04-03 16:44:00,2024-04-03 09:44:00,vip,48.0,1.27
500210,Page load errors,Customer reported: Page load errors. Detailed description and context provided.,Performance Issue,solved,normal,lisa.moore@company.com,Lisa Moore,sarah.rodriguez@customer.com,Sarah Rodriguez,SmartBusiness Co,Technical Support,2024-04-01 09:50:00,2024-04-04 02:50:00,2024-04-02 15:50:00,"bug,training,urgent",30.0,2.82
500574,Webhook not firing,Customer reported: Webhook not firing. Detailed description and context provided.,Integration Issue,solved,low,tom.anderson@company.com,Tom Anderson,emily.johnson@customer.com,Emily Johnson,FutureWorks LLC,Technical Support,2024-04-01 10:07:00,2024-04-02 15:07:00,2024-04-01 20:07:00,"integration,escalated,onboarding",10.0,2.16
500867,2FA issues,Customer reported: 2FA issues. Detailed description and context provided.,Login Problem,solved,normal,tom.anderson@company.com,Tom Anderson,michael.davis@customer.com,Michael Davis,SmartBusiness Co,Billing,2024-04-01 10:10:00,2024-04-01 23:10:00,2024-04-02 01:10:00,urgent,15.0,3.79
500232,Export format options,Customer reported: Export format options. Detailed description and context provided.,Data Export,pending,normal,tom.anderson@company.com,Tom Anderson,michael.garcia@customer.com,Michael Garcia,CloudSolutions Ltd,Billing,2024-04-01 10:14:00,2024-04-03 05:14:00,,"urgent,training",,1.61
500433,Refund request,Customer reported: Refund request. Detailed description and context provided.,Billing Inquiry,open,normal,jessica.martinez@company.com,Jessica Martinez,michael.davis@customer.com,Michael Davis,DataFlow Systems,Billing,2024-04-01 10:16:00,2024-04-04 01:16:00,,escalated,,2.14
500146,Domain setup,Customer reported: Domain setup. Detailed description and context provided.,Account Setup,solved,normal,kevin.wilson@company.com,Kevin Wilson,michael.rodriguez@customer.com,Michael Rodriguez,Digital Dynamics,Customer Success,2024-04-01 10:19:00,2024-04-03 05:19:00,2024-04-02 08:19:00,"feature,escalated",22.0,1.34
500704,2FA issues,Customer reported: 2FA issues. Detailed description and context provided.,Login Problem,solved,low,michael.thompson@company.com,Michael Thompson,michael.jones@customer.com,Michael Jones,Digital Dynamics,Technical Support,2024-04-01 10:23:00,2024-04-02 01:23:00,2024-04-02 01:23:00,escalated,15.0,2.32
500196,Subscription upgrade,Customer reported: Subscription upgrade. Detailed description and context provided.,Billing Inquiry,solved,high,tom.anderson@company.com,Tom Anderson,maria.miller@customer.com,Maria Miller,CloudSolutions Ltd,Technical Support,2024-04-01 10:28:00,2024-04-02 02:28:00,2024-04-01 18:28:00,"bug,escalated,vip",8.0,6.6
500588,Refund request,Customer reported: Refund request. Detailed description and context provided.,Billing Inquiry,solved,normal,maria.hernandez@company.com,Maria Hernandez,maria.brown@customer.com,Maria Brown,InnovateCo,Billing,2024-04-01 10:31:00,2024-04-02 15:31:00,2024-04-03 10:31:00,"onboarding,escalated",48.0,6.05
500732,Configure SSO,Customer reported: Configure SSO. Detailed description and context provided.,How-to Question,open,normal,nicole.davis@company.com,Nicole Davis,robert.martinez@customer.com,Robert Martinez,StartupXYZ,Billing,2024-04-01 10:57:00,2024-04-01 14:57:00,,"bug,integration",,7.95
500154,Report generation timeout,Customer reported: Report generation timeout. Detailed description and context provided.,Performance Issue,open,low,mike.johnson@company.com,Mike Johnson,michael.miller@customer.com,Michael Miller,StartupXYZ,Billing,2024-04-01 10:59:00,2024-04-02 23:59:00,,"training,escalated",,7.38
500585,Export format options,Customer reported: Export format options. Detailed description and context provided.,Data Export,solved,high,sarah.williams@company.com,Sarah Williams,michael.davis@customer.com,Michael Davis,Enterprise Global,Sales,2024-04-01 11:03:00,2024-04-03 09:03:00,2024-04-01 21:03:00,"onboarding,bug,escalated",10.0,7.78
500637,Bulk edit capability,Customer reported: Bulk edit capability. Detailed description and context provided.,Feature Request,pending,normal,emily.chen@company.com,Emily Chen,robert.smith@customer.com,Robert Smith,MegaCorp Industries,Technical Support,2024-04-01 11:17:00,2024-04-01 17:17:00,,"integration,feature,escalated",,6.18
500498,Bulk edit capability,Customer reported: Bulk edit capability. Detailed description and context provided.,Feature Request,solved,normal,david.rodriguez@company.com,David Rodriguez,lisa.davis@customer.com,Lisa Davis,SmartBusiness Co,Technical Support,2024-04-01 11:20:00,2024-04-02 00:20:00,2024-04-02 22:20:00,"onboarding,vip,integration",35.0,2.75
500426,Domain setup,Customer reported: Domain setup. Detailed description and context provided.,Account Setup,open,low,mike.johnson@company.com,Mike Johnson,james.brown@customer.com,James Brown,Digital Dynamics,Sales,2024-04-01 11:21:00,2024-04-02 07:21:00,,"bug,vip,integration",,6.01
500360,IP whitelist setup,Customer reported: IP whitelist setup. Detailed description and context provided.,Security Question,solved,low,kevin.wilson@company.com,Kevin Wilson,maria.jones@customer.com,Maria Jones,SmartBusiness Co,Product,2024-04-01 11:23:00,2024-04-03 17:23:00,2024-04-03 18:23:00,vip,55.0,6.76
500241,Dark mode support,Customer reported: Dark mode support. Detailed description and context provided.,Feature Request,solved,normal,laura.anderson@company.com,Laura Anderson,emily.williams@customer.com,Emily Williams,Enterprise Global,Technical Support,2024-04-01 11:23:00,2024-04-04 01:23:00,2024-04-02 03:23:00,training,16.0,6.83
500262,Bulk edit capability,Customer reported: Bulk edit capability. Detailed description and context provided.,Feature Request,solved,high,emily.chen@company.com,Emily Chen,maria.miller@customer.com,Maria Miller,MegaCorp Industries,Product,2024-04-01 11:28:00,2024-04-02 08:28:00,2024-04-02 03:28:00,"escalated,feature",16.0,3.37
500446,Bulk data retrieval,Customer reported: Bulk data retrieval. Detailed description and context provided.,Data Export,solved,normal,jennifer.garcia@company.com,Jennifer Garcia,robert.rodriguez@customer.com,Robert Rodriguez,InnovateCo,Customer Success,2024-04-01 11:35:00,2024-04-04 07:35:00,2024-04-01 21:35:00,"feature,bug",10.0,0.9
500165,Scheduled export,Customer reported: Scheduled export. Detailed description and context provided.,Data Export,open,high,tom.anderson@company.com,Tom Anderson,david.williams@customer.com,David Williams,InnovateCo,Billing,2024-04-01 11:36:00,2024-04-04 10:36:00,,"feature,training",,4.77
500941,Mobile app freeze,Customer reported: Mobile app freeze. Detailed description and context provided.,Bug Report,pending,normal,daniel.white@company.com,Daniel White,jennifer.garcia@customer.com,Jennifer Garcia,InnovateCo,Billing,2024-04-01 11:53:00,2024-04-03 05:53:00,,"escalated,feature,vip",,3.9
500353,Bulk edit capability,Customer reported: Bulk edit capability. Detailed description and context provided.,Feature Request,solved,high,james.taylor@company.com,James Taylor,michael.davis@customer.com,Michael Davis,DataFlow Systems,Billing,2024-04-01 12:02:00,2024-04-02 08:02:00,2024-04-02 00:02:00,"onboarding,escalated,training",12.0,0.95
500084,Custom field setup,Customer reported: Custom field setup. Detailed description and context provided.,Configuration Help,open,high,robert.lee@company.com,Robert Lee,jennifer.davis@customer.com,Jennifer Davis,DataFlow Systems,Technical Support,2024-04-01 12:03:00,2024-04-03 19:03:00,,onboarding,,5.06
500408,Custom reporting,Customer reported: Custom reporting. Detailed description and context provided.,Feature Request,solved,high,mike.johnson@company.com,Mike Johnson,james.williams@customer.com,James Williams,FutureWorks LLC,Product,2024-04-01 12:08:00,2024-04-03 14:08:00,2024-04-01 14:08:00,"training,integration,bug",2.0,2.84
500590,Password reset not working,Customer reported: Password reset not working. Detailed description and context provided.,Login Problem,solved,normal,chris.brown@company.com,Chris Brown,michael.brown@customer.com,Michael Brown,TechCorp Inc,Technical Support,2024-04-01 12:12:00,2024-04-02 22:12:00,2024-04-02 03:12:00,integration,15.0,7.33
500807,Advanced filtering,Customer reported: Advanced filtering. Detailed description and context provided.,Feature Request,solved,high,sarah.williams@company.com,Sarah Williams,maria.rodriguez@customer.com,Maria Rodriguez,StartupXYZ,Technical Support,2024-04-01 12:22:00,2024-04-01 20:22:00,2024-04-02 07:22:00,training,19.0,1.85
500022,Subscription upgrade,Customer reported: Subscription upgrade. Detailed description and context provided.,Billing Inquiry,pending,high,emily.chen@company.com,Emily Chen,michael.garcia@customer.com,Michael Garcia,DataFlow Systems,Billing,2024-04-01 12:29:00,2024-04-04 09:29:00,,onboarding,,2.64
500355,Audit log access,Customer reported: Audit log access. Detailed description and context provided.,Security Question,pending,high,james.taylor@company.com,James Taylor,emily.martinez@customer.com,Emily Martinez,CloudSolutions Ltd,Billing,2024-04-01 12:31:00,2024-04-04 10:31:00,,"onboarding,bug,training",,4.01
500263,Authentication error,Customer reported: Authentication error. Detailed description and context provided.,API Question,solved,normal,ryan.miller@company.com,Ryan Miller,john.smith@customer.com,John Smith,InnovateCo,Billing,2024-04-01 12:34:00,2024-04-01 14:34:00,2024-04-02 12:34:00,onboarding,24.0,2.84
500322,IP whitelist setup,Customer reported: IP whitelist setup. Detailed description and context provided.,Security Question,solved,low,david.rodriguez@company.com,David Rodriguez,michael.davis@customer.com,Michael Davis,Digital Dynamics,Technical Support,2024-04-01 12:46:00,2024-04-04 07:46:00,2024-04-03 08:46:00,feature,44.0,6.88
500367,2FA issues,Customer reported: 2FA issues. Detailed description and context provided.,Login Problem,pending,normal,james.taylor@company.com,James Taylor,james.miller@customer.com,James Miller,DataFlow Systems,Technical Support,2024-04-01 12:46:00,2024-04-01 20:46:00,,urgent,,5.25
500341,Slack notifications failed,Customer reported: Slack notifications failed. Detailed description and context provided.,Integration Issue,solved,high,kevin.wilson@company.com,Kevin Wilson,sarah.miller@customer.com,Sarah Miller,Enterprise Global,Product,2024-04-01 12:49:00,2024-04-01 23:49:00,2024-04-01 16:49:00,feature,4.0,6.03
500208,Refund request,Customer reported: Refund request. Detailed description and context provided.,Billing Inquiry,open,low,jessica.martinez@company.com,Jessica Martinez,maria.johnson@customer.com,Maria Johnson,SmartBusiness Co,Billing,2024-04-01 12:50:00,2024-04-02 03:50:00,,onboarding,,7.5
500963,Authentication error,Customer reported: Authentication error. Detailed description and context provided.,API Question,pending,high,chris.brown@company.com,Chris Brown,james.williams@customer.com,James Williams,SmartBusiness Co,Customer Success,2024-04-01 12:54:00,2024-04-03 18:54:00,,"escalated,onboarding,integration",,7.16
500028,Slack notifications failed,Customer reported: Slack notifications failed. Detailed description and context provided.,Integration Issue,solved,normal,ryan.miller@company.com,Ryan Miller,emily.smith@customer.com,Emily Smith,InnovateCo,Technical Support,2024-04-01 12:54:00,2024-04-03 23:54:00,2024-04-02 14:54:00,"onboarding,bug",26.0,6.98
500715,Invoice discrepancy,Customer reported: Invoice discrepancy. Detailed description and context provided.,Billing Inquiry,pending,high,kevin.wilson@company.com,Kevin Wilson,michael.martinez@customer.com,Michael Martinez,Digital Dynamics,Billing,2024-04-01 12:57:00,2024-04-02 19:57:00,,urgent,,1.57
500706,Create custom fields,Customer reported: Create custom fields. Detailed description and context provided.,How-to Question,solved,high,mike.johnson@company.com,Mike Johnson,michael.rodriguez@customer.com,Michael Rodriguez,Enterprise Global,Billing,2024-04-01 13:09:00,2024-04-03 19:09:00,2024-04-01 18:09:00,"escalated,onboarding",5.0,3.03
500956,API timeout,Customer reported: API timeout. Detailed description and context provided.,Integration Issue,solved,normal,ryan.miller@company.com,Ryan Miller,john.davis@customer.com,John Davis,Enterprise Global,Customer Success,2024-04-01 13:13:00,2024-04-03 08:13:00,2024-04-01 23:13:00,"onboarding,bug",10.0,7.8
500985,Permission configuration,Customer reported: Permission configuration. Detailed description and context provided.,Account Setup,pending,normal,kevin.wilson@company.com,Kevin Wilson,maria.smith@customer.com,Maria Smith,MegaCorp Industries,Product,2024-04-01 13:26:00,2024-04-02 14:26:00,,training,,1.47
500153,Dashboard not loading,Customer reported: Dashboard not loading. Detailed description and context provided.,Bug Report,solved,high,sarah.williams@company.com,Sarah Williams,maria.johnson@customer.com,Maria Johnson,TechCorp Inc,Technical Support,2024-04-01 13:35:00,2024-04-03 16:35:00,2024-04-01 22:35:00,"onboarding,training",9.0,0.98
500469,Slack notifications failed,Customer reported: Slack notifications failed. Detailed description and context provided.,Integration Issue,pending,high,jennifer.garcia@company.com,Jennifer Garcia,john.johnson@customer.com,John Johnson,SmartBusiness Co,Customer Success,2024-04-01 13:38:00,2024-04-02 18:38:00,,"vip,integration",,3.46
500584,Email template,Customer reported: Email template. Detailed description and context provided.,Configuration Help,pending,high,mike.johnson@company.com,Mike Johnson,lisa.miller@customer.com,Lisa Miller,Digital Dynamics,Technical Support,2024-04-01 13:38:00,2024-04-02 06:38:00,,"training,vip,escalated",,1.53
500678,Page load errors,Customer reported: Page load errors. Detailed description and context provided.,Performance Issue,pending,normal,nicole.davis@company.com,Nicole Davis,david.jones@customer.com,David Jones,Digital Dynamics,Sales,2024-04-01 13:43:00,2024-04-01 15:43:00,,escalated,,2.36
500691,Salesforce sync stopped,Customer reported: Salesforce sync stopped. Detailed description and context provided.,Integration Issue,solved,high,lisa.moore@company.com,Lisa Moore,robert.martinez@customer.com,Robert Martinez,DataFlow Systems,Technical Support,2024-04-01 13:52:00,2024-04-03 01:52:00,2024-04-01 19:52:00,"escalated,onboarding,bug",6.0,7.03
500119,Dashboard not loading,Customer reported: Dashboard not loading. Detailed description and context provided.,Bug Report,pending,normal,sarah.williams@company.com,Sarah Williams,maria.davis@customer.com,Maria Davis,TechCorp Inc,Technical Support,2024-04-01 14:04:00,2024-04-02 11:04:00,,vip,,2.27
500296,API timeout,Customer reported: API timeout. Detailed description and context provided.,Integration Issue,pending,high,jessica.martinez@company.com,Jessica Martinez,james.davis@customer.com,James Davis,MegaCorp Industries,Technical Support,2024-04-01 14:11:00,2024-04-02 20:11:00,,"onboarding,urgent",,3.42
500336,Permission configuration,Customer reported: Permission configuration. Detailed description and context provided.,Account Setup,pending,normal,jennifer.garcia@company.com,Jennifer Garcia,david.garcia@customer.com,David Garcia,StartupXYZ,Customer Success,2024-04-01 14:13:00,2024-04-02 03:13:00,,"integration,bug,urgent",,3.59
500797,IP whitelist setup,Customer reported: IP whitelist setup. Detailed description and context provided.,Security Question,solved,high,kevin.wilson@company.com,Kevin Wilson,john.brown@customer.com,John Brown,TechCorp Inc,Technical Support,2024-04-01 14:15:00,2024-04-02 20:15:00,2024-04-02 04:15:00,urgent,14.0,1.45
500385,Slow dashboard load,Customer reported: Slow dashboard load. Detailed description and context provided.,Performance Issue,pending,normal,kevin.wilson@company.com,Kevin Wilson,robert.johnson@customer.com,Robert Johnson,Digital Dynamics,Billing,2024-04-01 14:38:00,2024-04-03 07:38:00,,"urgent,vip",,4.39
500748,Rate limit exceeded,Customer reported: Rate limit exceeded. Detailed description and context provided.,API Question,solved,normal,sarah.williams@company.com,Sarah Williams,lisa.smith@customer.com,Lisa Smith,DataFlow Systems,Sales,2024-04-01 14:58:00,2024-04-01 19:58:00,2024-04-03 04:58:00,"vip,escalated",38.0,6.52
500550,CSV contains corrupted files,Customer reported: CSV contains corrupted files. Detailed description and context provided.,Data Export,pending,high,maria.hernandez@company.com,Maria Hernandez,robert.jones@customer.com,Robert Jones,MegaCorp Industries,Customer Success,2024-04-01 15:25:00,2024-04-02 11:25:00,,"integration,onboarding",,6.07
500456,Domain setup,Customer reported: Domain setup. Detailed description and context provided.,Account Setup,pending,normal,mike.johnson@company.com,Mike Johnson,michael.miller@customer.com,Michael Miller,CloudSolutions Ltd,Product,2024-04-01 15:30:00,2024-04-01 19:30:00,,"training,onboarding",,5.25
500370,GDPR compliance,Customer reported: GDPR compliance. Detailed description and context provided.,Security Question,solved,normal,lisa.moore@company.com,Lisa Moore,michael.davis@customer.com,Michael Davis,SmartBusiness Co,Technical Support,2024-04-01 15:35:00,2024-04-04 08:35:00,2024-04-02 22:35:00,training,31.0,3.46
500936,GDPR compliance,Customer reported: GDPR compliance. Detailed description and context provided.,Security Question,solved,normal,michael.thompson@company.com,Michael Thompson,james.smith@customer.com,James Smith,SmartBusiness Co,Technical Support,2024-04-01 15:50:00,2024-04-04 04:50:00,2024-04-01 21:50:00,"bug,vip",6.0,1.25
500135,Team workspace creation,Customer reported: Team workspace creation. Detailed description and context provided.,Account Setup,solved,normal,chris.brown@company.com,Chris Brown,maria.rodriguez@customer.com,Maria Rodriguez,CloudSolutions Ltd,Technical Support,2024-04-01 16:02:00,2024-04-04 05:02:00,2024-04-03 05:02:00,"onboarding,vip",37.0,3.45
500624,Dashboard not loading,Customer reported: Dashboard not loading. Detailed description and context provided.,Bug Report,open,normal,lisa.moore@company.com,Lisa Moore,emily.williams@customer.com,Emily Williams,DataFlow Systems,Technical Support,2024-04-01 16:04:00,2024-04-02 17:04:00,,feature,,2.27
500129,Export format options,Customer reported: Export format options. Detailed description and context provided.,Data Export,solved,normal,lisa.moore@company.com,Lisa Moore,lisa.garcia@customer.com,Lisa Garcia,StartupXYZ,Technical Support,2024-04-01 16:10:00,2024-04-02 19:10:00,2024-04-02 17:10:00,"bug,escalated",25.0,3.28
500504,Webhook retry logic,Customer reported: Webhook retry logic. Detailed description and context provided.,API Question,pending,normal,james.taylor@company.com,James Taylor,james.smith@customer.com,James Smith,InnovateCo,Customer Success,2024-04-01 16:15:00,2024-04-04 07:15:00,,integration,,1.52
500025,Webhook retry logic,Customer reported: Webhook retry logic. Detailed description and context provided.,API Question,pending,high,sarah.williams@company.com,Sarah Williams,robert.smith@customer.com,Robert Smith,DataFlow Systems,Customer Success,2024-04-01 16:21:00,2024-04-04 01:21:00,,bug,,4.59
500886,Bulk data retrieval,Customer reported: Bulk data retrieval. Detailed description and context provided.,Data Export,solved,normal,david.rodriguez@company.com,David Rodriguez,sarah.brown@customer.com,Sarah Brown,InnovateCo,Product,2024-04-01 16:50:00,2024-04-03 03:50:00,2024-04-03 01:50:00,onboarding,33.0,2.16
500591,Password reset not working,Customer reported: Password reset not working. Detailed description and context provided.,Login Problem,pending,normal,amanda.taylor@company.com,Amanda Taylor,david.davis@customer.com,David Davis,InnovateCo,Product,2024-04-01 16:53:00,2024-04-02 07:53:00,,"onboarding,training",,1.79
500695,Setup API integration,Customer reported: Setup API integration. Detailed description and context provided.,How-to Question,pending,high,amanda.taylor@company.com,Amanda Taylor,sarah.jones@customer.com,Sarah Jones,CloudSolutions Ltd,Billing,2024-04-01 17:07:00,2024-04-01 23:07:00,,"urgent,escalated,training",,7.68
500674,Search delays,Customer reported: Search delays. Detailed description and context provided.,Performance Issue,pending,normal,jennifer.garcia@company.com,Jennifer Garcia,david.garcia@customer.com,David Garcia,MegaCorp Industries,Billing,2024-04-01 17:09:00,2024-04-04 06:09:00,,integration,,1.32
500251,Session timeout,Customer reported: Session timeout. Detailed description and context provided.,Login Problem,solved,high,mike.johnson@company.com,Mike Johnson,robert.miller@customer.com,Robert Miller,DataFlow Systems,Billing,2024-04-01 17:15:00,2024-04-02 19:15:00,2024-04-02 02:15:00,"urgent,vip,bug",9.0,4.17
500041,Search delays,Customer reported: Search delays. Detailed description and context provided.,Performance Issue,solved,normal,maria.hernandez@company.com,Maria Hernandez,james.jones@customer.com,James Jones,DataFlow Systems,Technical Support,2024-04-01 17:16:00,2024-04-03 11:16:00,2024-04-02 18:16:00,"urgent,onboarding",25.0,4.55
500833,Domain setup,Customer reported: Domain setup. Detailed description and context provided.,Account Setup,solved,normal,nicole.davis@company.com,Nicole Davis,emily.martinez@customer.com,Emily Martinez,CloudSolutions Ltd,Sales,2024-04-01 17:17:00,2024-04-01 23:17:00,2024-04-02 16:17:00,"feature,escalated,onboarding",23.0,1.33
500707,How to export data to CSV,Customer reported: How to export data to CSV. Detailed description and context provided.,How-to Question,solved,normal,mike.johnson@company.com,Mike Johnson,james.miller@customer.com,James Miller,Digital Dynamics,Customer Success,2024-04-01 17:18:00,2024-04-02 16:18:00,2024-04-03 05:18:00,"integration,training,escalated",36.0,2.8
500682,Cannot access account,Customer reported: Cannot access account. Detailed description and context provided.,Login Problem,solved,normal,mike.johnson@company.com,Mike Johnson,michael.smith@customer.com,Michael Smith,TechCorp Inc,Customer Success,2024-04-01 17:19:00,2024-04-03 23:19:00,2024-04-02 12:19:00,onboarding,19.0,2.09
500177,Page load errors,Customer reported: Page load errors. Detailed description and context provided.,Performance Issue,solved,high,sarah.williams@company.com,Sarah Williams,robert.rodriguez@customer.com,Robert Rodriguez,SmartBusiness Co,Customer Success,2024-04-01 17:19:00,2024-04-02 05:19:00,2024-04-01 23:19:00,"vip,urgent",6.0,1.17
500673,Page load errors,Customer reported: Page load errors. Detailed description and context provided.,Performance Issue,open,high,emily.chen@company.com,Emily Chen,emily.johnson@customer.com,Emily Johnson,SmartBusiness Co,Technical Support,2024-04-01 17:22:00,2024-04-02 06:22:00,,"bug,feature,urgent",,7.35
500060,Rate limit exceeded,Customer reported: Rate limit exceeded. Detailed description and context provided.,API Question,solved,normal,david.rodriguez@company.com,David Rodriguez,robert.davis@customer.com,Robert Davis,MegaCorp Industries,Technical Support,2024-04-01 17:29:00,2024-04-02 08:29:00,2024-04-02 22:29:00,feature,29.0,4.39
500809,Salesforce sync stopped,Customer reported: Salesforce sync stopped. Detailed description and context provided.,Integration Issue,pending,normal,tom.anderson@company.com,Tom Anderson,lisa.rodriguez@customer.com,Lisa Rodriguez,TechCorp Inc,Technical Support,2024-04-01 17:35:00,2024-04-03 03:35:00,,"feature,bug,urgent",,1.08
500052,Data export fails,Customer reported: Data export fails. Detailed description and context provided.,Bug Report,solved,normal,chris.brown@company.com,Chris Brown,jennifer.johnson@customer.com,Jennifer Johnson,DataFlow Systems,Technical Support,2024-04-01 17:36:00,2024-04-03 13:36:00,2024-04-02 08:36:00,"training,urgent",15.0,4.83
500391,New user onboarding,Customer reported: New user onboarding. Detailed description and context provided.,Account Setup,pending,normal,ryan.miller@company.com,Ryan Miller,maria.davis@customer.com,Maria Davis,InnovateCo,Billing,2024-04-01 17:39:00,2024-04-04 09:39:00,,training,,3.9
500308,Domain setup,Customer reported: Domain setup. Detailed description and context provided.,Account Setup,solved,low,chris.brown@company.com,Chris Brown,john.smith@customer.com,John Smith,StartupXYZ,Customer Success,2024-04-01 17:42:00,2024-04-03 16:42:00,2024-04-04 02:42:00,integration,57.0,6.76
500558,Slow dashboard load,Customer reported: Slow dashboard load. Detailed description and context provided.,Performance Issue,solved,high,patricia.clark@company.com,Patricia Clark,sarah.garcia@customer.com,Sarah Garcia,FutureWorks LLC,Customer Success,2024-04-01 17:47:00,2024-04-02 09:47:00,2024-04-02 13:47:00,"urgent,integration",20.0,1.65
500157,Payment method update,Customer reported: Payment method update. Detailed description and context provided.,Billing Inquiry,pending,high,jessica.martinez@company.com,Jessica Martinez,sarah.johnson@customer.com,Sarah Johnson,FutureWorks LLC,Technical Support,2024-04-01 17:51:00,2024-04-01 20:51:00,,training,,4.98
500845,Team workspace creation,Customer reported: Team workspace creation. Detailed description and context provided.,Account Setup,open,normal,tom.anderson@company.com,Tom Anderson,robert.miller@customer.com,Robert Miller,MegaCorp Industries,Customer Success,2024-04-02 08:02:00,2024-04-05 04:02:00,,integration,,1.38
500657,Application crash on login,Customer reported: Application crash on login. Detailed description and context provided.,Bug Report,solved,high,emily.chen@company.com,Emily Chen,sarah.rodriguez@customer.com,Sarah Rodriguez,Enterprise Global,Technical Support,2024-04-02 08:02:00,2024-04-05 08:02:00,2024-04-02 17:02:00,"bug,feature",9.0,7.83
500605,Setup API integration,Customer reported: Setup API integration. Detailed description and context provided.,How-to Question,solved,high,tom.anderson@company.com,Tom Anderson,sarah.miller@customer.com,Sarah Miller,Enterprise Global,Technical Support,2024-04-02 08:10:00,2024-04-04 23:10:00,2024-04-02 09:10:00,feature,1.0,2.68
500526,CSV contains corrupted files,Customer reported: CSV contains corrupted files. Detailed description and context provided.,Data Export,pending,high,mike.johnson@company.com,Mike Johnson,lisa.smith@customer.com,Lisa Smith,FutureWorks LLC,Billing,2024-04-02 08:29:00,2024-04-03 19:29:00,,"onboarding,training",,8.0
500738,Search delays,Customer reported: Search delays. Detailed description and context provided.,Performance Issue,open,normal,maria.hernandez@company.com,Maria Hernandez,jennifer.williams@customer.com,Jennifer Williams,CloudSolutions Ltd,Sales,2024-04-02 08:31:00,2024-04-04 14:31:00,,"urgent,vip",,5.45
500112,Export format options,Customer reported: Export format options. Detailed description and context provided.,Data Export,pending,normal,mike.johnson@company.com,Mike Johnson,michael.jones@customer.com,Michael Jones,MegaCorp Industries,Technical Support,2024-04-02 09:07:00,2024-04-05 03:07:00,,onboarding,,2.3
500489,Data retention policy,Customer reported: Data retention policy. Detailed description and context provided.,Security Question,pending,high,michael.thompson@company.com,Michael Thompson,james.garcia@customer.com,James Garcia,Digital Dynamics,Sales,2024-04-02 09:14:00,2024-04-03 21:14:00,,"escalated,feature,integration",,2.59
500430,Invoice discrepancy,Customer reported: Invoice discrepancy. Detailed description and context provided.,Billing Inquiry,solved,high,emily.chen@company.com,Emily Chen,john.martinez@customer.com,John Martinez,DataFlow Systems,Technical Support,2024-04-02 09:33:00,2024-04-03 22:33:00,2024-04-02 18:33:00,feature,9.0,7.63
500425,Permission configuration,Customer reported: Permission configuration. Detailed description and context provided.,Account Setup,solved,high,james.taylor@company.com,James Taylor,michael.jones@customer.com,Michael Jones,InnovateCo,Billing,2024-04-02 09:38:00,2024-04-03 05:38:00,2024-04-03 07:38:00,"bug,escalated",22.0,4.46
500287,Audit log access,Customer reported: Audit log access. Detailed description and context provided.,Security Question,open,high,nicole.davis@company.com,Nicole Davis,emily.rodriguez@customer.com,Emily Rodriguez,Enterprise Global,Customer Success,2024-04-02 09:39:00,2024-04-03 14:39:00,,"urgent,feature,escalated",,3.62
500447,How to export data to CSV,Customer reported: How to export data to CSV. Detailed description and context provided.,How-to Question,solved,high,sarah.williams@company.com,Sarah Williams,john.garcia@customer.com,John Garcia,Enterprise Global,Technical Support,2024-04-02 09:50:00,2024-04-05 01:50:00,2024-04-02 15:50:00,escalated,6.0,2.39
500316,SLA configuration,Customer reported: SLA configuration. Detailed description and context provided.,Configuration Help,solved,normal,sarah.williams@company.com,Sarah Williams,robert.miller@customer.com,Robert Miller,StartupXYZ,Product,2024-04-02 10:05:00,2024-04-02 11:05:00,2024-04-04 09:05:00,escalated,47.0,2.22
500654,Mobile app freeze,Customer reported: Mobile app freeze. Detailed description and context provided.,Bug Report,solved,high,james.taylor@company.com,James Taylor,david.johnson@customer.com,David Johnson,FutureWorks LLC,Billing,2024-04-02 10:05:00,2024-04-05 04:05:00,2024-04-02 18:05:00,escalated,8.0,4.13
500599,2FA issues,Customer reported: 2FA issues. Detailed description and context provided.,Login Problem,solved,high,sarah.williams@company.com,Sarah Williams,david.jones@customer.com,David Jones,InnovateCo,Customer Success,2024-04-02 10:07:00,2024-04-03 12:07:00,2024-04-03 08:07:00,"bug,escalated,onboarding",22.0,6.05
500361,Webhook retry logic,Customer reported: Webhook retry logic. Detailed description and context provided.,API Question,open,normal,james.taylor@company.com,James Taylor,emily.brown@customer.com,Emily Brown,SmartBusiness Co,Billing,2024-04-02 10:13:00,2024-04-03 16:13:00,,"feature,integration,onboarding",,7.61
500881,Dark mode support,Customer reported: Dark mode support. Detailed description and context provided.,Feature Request,pending,high,tom.anderson@company.com,Tom Anderson,michael.williams@customer.com,Michael Williams,Digital Dynamics,Customer Success,2024-04-02 10:22:00,2024-04-03 09:22:00,,"integration,bug",,7.79
500137,Permission configuration,Customer reported: Permission configuration. Detailed description and context provided.,Account Setup,solved,high,patricia.clark@company.com,Patricia Clark,maria.martinez@customer.com,Maria Martinez,InnovateCo,Technical Support,2024-04-02 10:26:00,2024-04-02 14:26:00,2024-04-03 06:26:00,"urgent,integration,feature",20.0,1.78
500696,Payment method update,Customer reported: Payment method update. Detailed description and context provided.,Billing Inquiry,pending,normal,chris.brown@company.com,Chris Brown,jennifer.martinez@customer.com,Jennifer Martinez,Digital Dynamics,Customer Success,2024-04-02 10:34:00,2024-04-02 21:34:00,,integration,,2.99
500924,Authentication error,Customer reported: Authentication error. Detailed description and context provided.,API Question,solved,normal,kevin.wilson@company.com,Kevin Wilson,robert.johnson@customer.com,Robert Johnson,FutureWorks LLC,Technical Support,2024-04-02 10:47:00,2024-04-05 10:47:00,2024-04-02 21:47:00,"feature,escalated",11.0,1.05
500226,Mobile app freeze,Customer reported: Mobile app freeze. Detailed description and context provided.,Bug Report,pending,high,michael.thompson@company.com,Michael Thompson,john.williams@customer.com,John Williams,FutureWorks LLC,Technical Support,2024-04-02 10:57:00,2024-04-03 02:57:00,,"escalated,feature",,0.72
500816,Payment method update,Customer reported: Payment method update. Detailed description and context provided.,Billing Inquiry,solved,high,emily.chen@company.com,Emily Chen,jennifer.smith@customer.com,Jennifer Smith,CloudSolutions Ltd,Technical Support,2024-04-02 11:05:00,2024-04-05 03:05:00,2024-04-03 08:05:00,escalated,21.0,2.48
500330,CSV contains corrupted files,Customer reported: CSV contains corrupted files. Detailed description and context provided.,Data Export,open,high,amanda.taylor@company.com,Amanda Taylor,robert.smith@customer.com,Robert Smith,Digital Dynamics,Customer Success,2024-04-02 11:07:00,2024-04-05 03:07:00,,"onboarding,feature",,7.24
500521,Search delays,Customer reported: Search delays. Detailed description and context provided.,Performance Issue,solved,normal,emily.chen@company.com,Emily Chen,david.martinez@customer.com,David Martinez,Enterprise Global,Customer Success,2024-04-02 11:20:00,2024-04-03 23:20:00,2024-04-03 14:20:00,"onboarding,feature,vip",27.0,2.87
500264,Webhook not firing,Customer reported: Webhook not firing. Detailed description and context provided.,Integration Issue,solved,normal,laura.anderson@company.com,Laura Anderson,jennifer.rodriguez@customer.com,Jennifer Rodriguez,FutureWorks LLC,Billing,2024-04-02 11:24:00,2024-04-02 20:24:00,2024-04-02 17:24:00,"onboarding,feature,training",6.0,7.97
500297,Advanced filtering,Customer reported: Advanced filtering. Detailed description and context provided.,Feature Request,solved,high,mike.johnson@company.com,Mike Johnson,robert.johnson@customer.com,Robert Johnson,Enterprise Global,Customer Success,2024-04-02 11:34:00,2024-04-02 17:34:00,2024-04-03 10:34:00,"integration,training,urgent",23.0,2.61
500475,SLA configuration,Customer reported: SLA configuration. Detailed description and context provided.,Configuration Help,pending,high,sarah.williams@company.com,Sarah Williams,sarah.garcia@customer.com,Sarah Garcia,SmartBusiness Co,Sales,2024-04-02 11:38:00,2024-04-03 21:38:00,,"urgent,escalated,bug",,1.72
500068,Application crash on login,Customer reported: Application crash on login. Detailed description and context provided.,Bug Report,pending,low,mike.johnson@company.com,Mike Johnson,lisa.smith@customer.com,Lisa Smith,Enterprise Global,Product,2024-04-02 11:48:00,2024-04-04 02:48:00,,"onboarding,feature",,1.59
500042,Invoice discrepancy,Customer reported: Invoice discrepancy. Detailed description and context provided.,Billing Inquiry,open,high,mike.johnson@company.com,Mike Johnson,maria.williams@customer.com,Maria Williams,InnovateCo,Billing,2024-04-02 11:49:00,2024-04-03 19:49:00,,training,,5.52
500619,GDPR compliance,Customer reported: GDPR compliance. Detailed description and context provided.,Security Question,solved,normal,daniel.white@company.com,Daniel White,david.johnson@customer.com,David Johnson,FutureWorks LLC,Customer Success,2024-04-02 11:56:00,2024-04-05 03:56:00,2024-04-02 21:56:00,"escalated,onboarding",10.0,7.43
500856,Email template,Customer reported: Email template. Detailed description and context provided.,Configuration Help,solved,normal,tom.anderson@company.com,Tom Anderson,jennifer.miller@customer.com,Jennifer Miller,TechCorp Inc,Technical Support,2024-04-02 11:58:00,2024-04-03 22:58:00,2024-04-02 17:58:00,"integration,bug,onboarding",6.0,0.93
500580,Invoice discrepancy,Customer reported: Invoice discrepancy. Detailed description and context provided.,Billing Inquiry,solved,high,jessica.martinez@company.com,Jessica Martinez,jennifer.brown@customer.com,Jennifer Brown,StartupXYZ,Billing,2024-04-02 12:01:00,2024-04-04 07:01:00,2024-04-02 21:01:00,onboarding,9.0,4.4
500359,Bulk data retrieval,Customer reported: Bulk data retrieval. Detailed description and context provided.,Data Export,solved,high,michael.thompson@company.com,Michael Thompson,john.garcia@customer.com,John Garcia,InnovateCo,Technical Support,2024-04-02 12:02:00,2024-04-05 03:02:00,2024-04-03 05:02:00,"vip,urgent,training",17.0,5.42
500246,Webhook retry logic,Customer reported: Webhook retry logic. Detailed description and context provided.,API Question,solved,normal,patricia.clark@company.com,Patricia Clark,john.martinez@customer.com,John Martinez,FutureWorks LLC,Customer Success,2024-04-02 12:05:00,2024-04-04 06:05:00,2024-04-03 09:05:00,"escalated,urgent,feature",21.0,1.62
500988,Search delays,Customer reported: Search delays. Detailed description and context provided.,Performance Issue,solved,high,emily.chen@company.com,Emily Chen,jennifer.williams@customer.com,Jennifer Williams,Digital Dynamics,Sales,2024-04-02 12:07:00,2024-04-02 21:07:00,2024-04-02 20:07:00,"urgent,onboarding,integration",8.0,6.25
500085,Session timeout,Customer reported: Session timeout. Detailed description and context provided.,Login Problem,solved,high,robert.lee@company.com,Robert Lee,maria.rodriguez@customer.com,Maria Rodriguez,Enterprise Global,Technical Support,2024-04-02 12:08:00,2024-04-05 11:08:00,2024-04-03 11:08:00,"escalated,urgent",23.0,6.45
500319,Search delays,Customer reported: Search delays. Detailed description and context provided.,Performance Issue,solved,high,amanda.taylor@company.com,Amanda Taylor,maria.jones@customer.com,Maria Jones,MegaCorp Industries,Billing,2024-04-02 12:09:00,2024-04-03 22:09:00,2024-04-03 06:09:00,escalated,18.0,4.64
500761,Setup API integration,Customer reported: Setup API integration. Detailed description and context provided.,How-to Question,pending,high,tom.anderson@company.com,Tom Anderson,lisa.jones@customer.com,Lisa Jones,FutureWorks LLC,Billing,2024-04-02 12:14:00,2024-04-03 15:14:00,,"urgent,training",,1.89
500607,Subscription upgrade,Customer reported: Subscription upgrade. Detailed description and context provided.,Billing Inquiry,open,low,ryan.miller@company.com,Ryan Miller,james.davis@customer.com,James Davis,CloudSolutions Ltd,Technical Support,2024-04-02 12:24:00,2024-04-03 05:24:00,,"integration,training,vip",,4.27
500535,Domain setup,Customer reported: Domain setup. Detailed description and context provided.,Account Setup,solved,high,jessica.martinez@company.com,Jessica Martinez,james.martinez@customer.com,James Martinez,Digital Dynamics,Technical Support,2024-04-02 12:27:00,2024-04-03 10:27:00,2024-04-03 09:27:00,"onboarding,training",21.0,5.55
500496,Workflow automation,Customer reported: Workflow automation. Detailed description and context provided.,Configuration Help,solved,normal,david.rodriguez@company.com,David Rodriguez,emily.brown@customer.com,Emily Brown,Enterprise Global,Customer Success,2024-04-02 12:27:00,2024-04-04 09:27:00,2024-04-02 19:27:00,"vip,onboarding,urgent",7.0,7.02
500127,Configure SSO,Customer reported: Configure SSO. Detailed description and context provided.,How-to Question,pending,high,maria.hernandez@company.com,Maria Hernandez,maria.smith@customer.com,Maria Smith,TechCorp Inc,Technical Support,2024-04-02 12:32:00,2024-04-03 08:32:00,,urgent,,7.61
500891,Password reset not working,Customer reported: Password reset not working. Detailed description and context provided.,Login Problem,solved,low,jennifer.garcia@company.com,Jennifer Garcia,james.martinez@customer.com,James Martinez,Enterprise Global,Customer Success,2024-04-02 12:36:00,2024-04-04 16:36:00,2024-04-05 00:36:00,"onboarding,training",60.0,1.29
500056,Bulk edit capability,Customer reported: Bulk edit capability. Detailed description and context provided.,Feature Request,solved,normal,maria.hernandez@company.com,Maria Hernandez,michael.jones@customer.com,Michael Jones,CloudSolutions Ltd,Technical Support,2024-04-02 12:43:00,2024-04-03 14:43:00,2024-04-03 19:43:00,urgent,31.0,1.74
500168,Mobile app freeze,Customer reported: Mobile app freeze. Detailed description and context provided.,Bug Report,solved,normal,nicole.davis@company.com,Nicole Davis,jennifer.smith@customer.com,Jennifer Smith,TechCorp Inc,Customer Success,2024-04-02 12:45:00,2024-04-04 23:45:00,2024-04-03 15:45:00,"escalated,urgent,training",27.0,4.47
500398,Slow dashboard load,Customer reported: Slow dashboard load. Detailed description and context provided.,Performance Issue,pending,high,ryan.miller@company.com,Ryan Miller,lisa.garcia@customer.com,Lisa Garcia,SmartBusiness Co,Billing,2024-04-02 12:47:00,2024-04-04 18:47:00,,"feature,urgent,onboarding",,2.01
500813,SLA configuration,Customer reported: SLA configuration. Detailed description and context provided.,Configuration Help,open,high,david.rodriguez@company.com,David Rodriguez,lisa.jones@customer.com,Lisa Jones,InnovateCo,Billing,2024-04-02 12:54:00,2024-04-05 01:54:00,,"integration,vip,bug",,2.32
500449,Subscription upgrade,Customer reported: Subscription upgrade. Detailed description and context provided.,Billing Inquiry,solved,normal,lisa.moore@company.com,Lisa Moore,emily.johnson@customer.com,Emily Johnson,StartupXYZ,Technical Support,2024-04-02 12:57:00,2024-04-04 06:57:00,2024-04-03 18:57:00,vip,30.0,2.28
500567,Webhook retry logic,Customer reported: Webhook retry logic. Detailed description and context provided.,API Question,solved,high,laura.anderson@company.com,Laura Anderson,sarah.jones@customer.com,Sarah Jones,TechCorp Inc,Sales,2024-04-02 13:03:00,2024-04-03 20:03:00,2024-04-03 05:03:00,"training,integration",16.0,3.55
500720,Refund request,Customer reported: Refund request. Detailed description and context provided.,Billing Inquiry,pending,low,emily.chen@company.com,Emily Chen,lisa.johnson@customer.com,Lisa Johnson,StartupXYZ,Customer Success,2024-04-02 13:11:00,2024-04-04 21:11:00,,"training,vip",,5.77
500497,SLA configuration,Customer reported: SLA configuration. Detailed description and context provided.,Configuration Help,solved,normal,david.rodriguez@company.com,David Rodriguez,maria.rodriguez@customer.com,Maria Rodriguez,MegaCorp Industries,Technical Support,2024-04-02 13:21:00,2024-04-02 18:21:00,2024-04-03 22:21:00,"urgent,onboarding",33.0,4.02
500716,Advanced filtering,Customer reported: Advanced filtering. Detailed description and context provided.,Feature Request,solved,normal,maria.hernandez@company.com,Maria Hernandez,maria.garcia@customer.com,Maria Garcia,StartupXYZ,Technical Support,2024-04-02 13:31:00,2024-04-04 03:31:00,2024-04-03 03:31:00,vip,14.0,1.84
500503,Configure SSO,Customer reported: Configure SSO. Detailed description and context provided.,How-to Question,solved,normal,ryan.miller@company.com,Ryan Miller,maria.brown@customer.com,Maria Brown,MegaCorp Industries,Billing,2024-04-02 13:40:00,2024-04-04 02:40:00,2024-04-04 10:40:00,vip,45.0,1.62
500199,Endpoint documentation,Customer reported: Endpoint documentation. Detailed description and context provided.,API Question,pending,high,patricia.clark@company.com,Patricia Clark,lisa.davis@customer.com,Lisa Davis,Digital Dynamics,Customer Success,2024-04-02 13:40:00,2024-04-04 17:40:00,,"urgent,escalated",,6.31
500741,Team workspace creation,Customer reported: Team workspace creation. Detailed description and context provided.,Account Setup,pending,normal,kevin.wilson@company.com,Kevin Wilson,sarah.garcia@customer.com,Sarah Garcia,SmartBusiness Co,Technical Support,2024-04-02 13:46:00,2024-04-04 01:46:00,,"integration,feature,onboarding",,6.57
500270,Permission configuration,Customer reported: Permission configuration. Detailed description and context provided.,Account Setup,pending,low,daniel.white@company.com,Daniel White,david.davis@customer.com,David Davis,TechCorp Inc,Technical Support,2024-04-02 13:46:00,2024-04-03 19:46:00,,bug,,7.06
500627,GDPR compliance,Customer reported: GDPR compliance. Detailed description and context provided.,Security Question,open,normal,tom.anderson@company.com,Tom Anderson,david.miller@customer.com,David Miller,Digital Dynamics,Customer Success,2024-04-02 13:48:00,2024-04-05 12:48:00,,"training,bug",,3.31
500277,Application crash on login,Customer reported: Application crash on login. Detailed description and context provided.,Bug Report,solved,normal,lisa.moore@company.com,Lisa Moore,james.miller@customer.com,James Miller,TechCorp Inc,Technical Support,2024-04-02 13:54:00,2024-04-05 05:54:00,2024-04-04 10:54:00,"urgent,escalated,training",45.0,6.44
500913,Setup API integration,Customer reported: Setup API integration. Detailed description and context provided.,How-to Question,open,normal,michael.thompson@company.com,Michael Thompson,sarah.brown@customer.com,Sarah Brown,InnovateCo,Sales,2024-04-02 13:59:00,2024-04-05 10:59:00,,"integration,bug",,6.25
500472,Email template,Customer reported: Email template. Detailed description and context provided.,Configuration Help,open,high,sarah.williams@company.com,Sarah Williams,james.williams@customer.com,James Williams,SmartBusiness Co,Product,2024-04-02 13:59:00,2024-04-04 18:59:00,,"bug,vip",,1.9
500220,Search delays,Customer reported: Search delays. Detailed description and context provided.,Performance Issue,open,low,david.rodriguez@company.com,David Rodriguez,jennifer.johnson@customer.com,Jennifer Johnson,FutureWorks LLC,Billing,2024-04-02 14:02:00,2024-04-05 09:02:00,,bug,,5.28
500280,Advanced filtering,Customer reported: Advanced filtering. Detailed description and context provided.,Feature Request,open,normal,david.rodriguez@company.com,David Rodriguez,maria.brown@customer.com,Maria Brown,InnovateCo,Billing,2024-04-02 14:02:00,2024-04-04 19:02:00,,escalated,,2.12
500802,New user onboarding,Customer reported: New user onboarding. Detailed description and context provided.,Account Setup,solved,high,emily.chen@company.com,Emily Chen,emily.brown@customer.com,Emily Brown,MegaCorp Industries,Billing,2024-04-02 14:03:00,2024-04-04 15:03:00,2024-04-03 03:03:00,escalated,13.0,4.49
500645,Bulk data retrieval,Customer reported: Bulk data retrieval. Detailed description and context provided.,Data Export,solved,normal,nicole.davis@company.com,Nicole Davis,michael.garcia@customer.com,Michael Garcia,MegaCorp Industries,Customer Success,2024-04-02 14:18:00,2024-04-03 15:18:00,2024-04-03 01:18:00,"urgent,bug,training",11.0,4.93
500822,Salesforce sync stopped,Customer reported: Salesforce sync stopped. Detailed description and context provided.,Integration Issue,solved,normal,nicole.davis@company.com,Nicole Davis,emily.jones@customer.com,Emily Jones,CloudSolutions Ltd,Technical Support,2024-04-02 14:18:00,2024-04-03 12:18:00,2024-04-03 12:18:00,feature,22.0,4.64
500506,CSV contains corrupted files,Customer reported: CSV contains corrupted files. Detailed description and context provided.,Data Export,open,high,sarah.williams@company.com,Sarah Williams,robert.martinez@customer.com,Robert Martinez,SmartBusiness Co,Product,2024-04-02 14:25:00,2024-04-03 05:25:00,,"training,urgent",,2.29
500554,Payment method update,Customer reported: Payment method update. Detailed description and context provided.,Billing Inquiry,solved,high,amanda.taylor@company.com,Amanda Taylor,lisa.jones@customer.com,Lisa Jones,Enterprise Global,Billing,2024-04-02 14:28:00,2024-04-05 01:28:00,2024-04-03 01:28:00,"bug,onboarding,feature",11.0,4.4
500486,Rate limit exceeded,Customer reported: Rate limit exceeded. Detailed description and context provided.,API Question,solved,normal,daniel.white@company.com,Daniel White,sarah.garcia@customer.com,Sarah Garcia,Digital Dynamics,Customer Success,2024-04-02 14:29:00,2024-04-04 13:29:00,2024-04-03 12:29:00,escalated,22.0,2.63
500539,Data retention policy,Customer reported: Data retention policy. Detailed description and context provided.,Security Question,pending,normal,emily.chen@company.com,Emily Chen,john.davis@customer.com,John Davis,MegaCorp Industries,Sales,2024-04-02 14:40:00,2024-04-05 06:40:00,,"training,vip",,5.86
500237,Domain setup,Customer reported: Domain setup. Detailed description and context provided.,Account Setup,solved,normal,tom.anderson@company.com,Tom Anderson,lisa.rodriguez@customer.com,Lisa Rodriguez,MegaCorp Industries,Customer Success,2024-04-02 14:46:00,2024-04-03 12:46:00,2024-04-03 20:46:00,training,30.0,6.42
500326,Domain setup,Customer reported: Domain setup. Detailed description and context provided.,Account Setup,solved,normal,tom.anderson@company.com,Tom Anderson,maria.davis@customer.com,Maria Davis,InnovateCo,Technical Support,2024-04-02 14:51:00,2024-04-03 23:51:00,2024-04-04 14:51:00,"training,onboarding",48.0,3.96
500499,Data export fails,Customer reported: Data export fails. Detailed description and context provided.,Bug Report,open,normal,ryan.miller@company.com,Ryan Miller,maria.miller@customer.com,Maria Miller,InnovateCo,Billing,2024-04-02 14:53:00,2024-04-04 00:53:00,,"vip,onboarding,integration",,1.21
500074,Configure SSO,Customer reported: Configure SSO. Detailed description and context provided.,How-to Question,solved,high,robert.lee@company.com,Robert Lee,robert.rodriguez@customer.com,Robert Rodriguez,Enterprise Global,Billing,2024-04-02 14:58:00,2024-04-03 13:58:00,2024-04-02 21:58:00,integration,7.0,7.36
500111,Advanced filtering,Customer reported: Advanced filtering. Detailed description and context provided.,Feature Request,solved,high,emily.chen@company.com,Emily Chen,emily.jones@customer.com,Emily Jones,DataFlow Systems,Technical Support,2024-04-02 15:01:00,2024-04-05 11:01:00,2024-04-03 05:01:00,feature,14.0,3.65
500113,Rate limit exceeded,Customer reported: Rate limit exceeded. Detailed description and context provided.,API Question,open,normal,robert.lee@company.com,Robert Lee,james.davis@customer.com,James Davis,TechCorp Inc,Billing,2024-04-02 15:33:00,2024-04-05 11:33:00,,"escalated,bug,training",,6.1
500031,Data retention policy,Customer reported: Data retention policy. Detailed description and context provided.,Security Question,open,high,mike.johnson@company.com,Mike Johnson,robert.jones@customer.com,Robert Jones,MegaCorp Industries,Customer Success,2024-04-02 15:42:00,2024-04-03 07:42:00,,"escalated,onboarding",,2.72
500939,Subscription upgrade,Customer reported: Subscription upgrade. Detailed description and context provided.,Billing Inquiry,solved,normal,nicole.davis@company.com,Nicole Davis,michael.jones@customer.com,Michael Jones,StartupXYZ,Billing,2024-04-02 15:47:00,2024-04-03 05:47:00,2024-04-03 10:47:00,"training,onboarding,integration",19.0,4.4
500271,Setup API integration,Customer reported: Setup API integration. Detailed description and context provided.,How-to Question,open,low,michael.thompson@company.com,Michael Thompson,lisa.garcia@customer.com,Lisa Garcia,Digital Dynamics,Technical Support,2024-04-02 16:06:00,2024-04-02 18:06:00,,"integration,onboarding,urgent",,3.29
500091,GDPR compliance,Customer reported: GDPR compliance. Detailed description and context provided.,Security Question,pending,low,maria.hernandez@company.com,Maria Hernandez,james.miller@customer.com,James Miller,Digital Dynamics,Product,2024-04-02 16:09:00,2024-04-03 04:09:00,,"bug,training",,2.84
500274,GDPR compliance,Customer reported: GDPR compliance. Detailed description and context provided.,Security Question,pending,normal,emily.chen@company.com,Emily Chen,lisa.rodriguez@customer.com,Lisa Rodriguez,SmartBusiness Co,Technical Support,2024-04-02 16:16:00,2024-04-05 12:16:00,,"vip,feature,onboarding",,5.95
500976,Custom reporting,Customer reported: Custom reporting. Detailed description and context provided.,Feature Request,pending,high,patricia.clark@company.com,Patricia Clark,emily.martinez@customer.com,Emily Martinez,CloudSolutions Ltd,Sales,2024-04-02 16:22:00,2024-04-03 14:22:00,,"onboarding,feature,training",,4.61
500625,Refund request,Customer reported: Refund request. Detailed description and context provided.,Billing Inquiry,pending,normal,chris.brown@company.com,Chris Brown,michael.martinez@customer.com,Michael Martinez,InnovateCo,Customer Success,2024-04-02 16:27:00,2024-04-03 18:27:00,,"integration,training",,3.86
500311,Domain setup,Customer reported: Domain setup. Detailed description and context provided.,Account Setup,solved,high,mike.johnson@company.com,Mike Johnson,emily.martinez@customer.com,Emily Martinez,CloudSolutions Ltd,Sales,2024-04-02 16:42:00,2024-04-05 06:42:00,2024-04-03 14:42:00,"escalated,urgent,vip",22.0,0.82
500547,Bulk edit capability,Customer reported: Bulk edit capability. Detailed description and context provided.,Feature Request,pending,normal,michael.thompson@company.com,Michael Thompson,jennifer.miller@customer.com,Jennifer Miller,TechCorp Inc,Billing,2024-04-02 17:09:00,2024-04-03 11:09:00,,training,,3.06
500525,Data export fails,Customer reported: Data export fails. Detailed description and context provided.,Bug Report,pending,high,lisa.moore@company.com,Lisa Moore,sarah.miller@customer.com,Sarah Miller,StartupXYZ,Technical Support,2024-04-02 17:15:00,2024-04-04 12:15:00,,"vip,escalated,bug",,1.65
500490,Dark mode support,Customer reported: Dark mode support. Detailed description and context provided.,Feature Request,solved,normal,david.rodriguez@company.com,David Rodriguez,sarah.davis@customer.com,Sarah Davis,TechCorp Inc,Customer Success,2024-04-02 17:16:00,2024-04-03 11:16:00,2024-04-02 22:16:00,escalated,5.0,5.03
500618,Report generation timeout,Customer reported: Report generation timeout. Detailed description and context provided.,Performance Issue,solved,normal,maria.hernandez@company.com,Maria Hernandez,jennifer.brown@customer.com,Jennifer Brown,DataFlow Systems,Customer Success,2024-04-02 17:22:00,2024-04-04 10:22:00,2024-04-02 21:22:00,"integration,onboarding,training",4.0,3.27
500737,How to export data to CSV,Customer reported: How to export data to CSV. Detailed description and context provided.,How-to Question,open,high,tom.anderson@company.com,Tom Anderson,sarah.davis@customer.com,Sarah Davis,StartupXYZ,Customer Success,2024-04-02 17:29:00,2024-04-04 03:29:00,,escalated,,1.26
500239,IP whitelist setup,Customer reported: IP whitelist setup. Detailed description and context provided.,Security Question,open,high,emily.chen@company.com,Emily Chen,james.williams@customer.com,James Williams,FutureWorks LLC,Customer Success,2024-04-02 17:35:00,2024-04-05 07:35:00,,"bug,urgent",,1.26
500414,New user onboarding,Customer reported: New user onboarding. Detailed description and context provided.,Account Setup,solved,high,jessica.martinez@company.com,Jessica Martinez,sarah.brown@customer.com,Sarah Brown,CloudSolutions Ltd,Customer Success,2024-04-02 17:38:00,2024-04-04 18:38:00,2024-04-03 04:38:00,"urgent,escalated,vip",11.0,5.46
500143,Workflow automation,Customer reported: Workflow automation. Detailed description and context provided.,Configuration Help,pending,normal,amanda.taylor@company.com,Amanda Taylor,emily.smith@customer.com,Emily Smith,DataFlow Systems,Technical Support,2024-04-02 17:39:00,2024-04-03 00:39:00,,"onboarding,training",,4.04
500507,GDPR compliance,Customer reported: GDPR compliance. Detailed description and context provided.,Security Question,pending,normal,tom.anderson@company.com,Tom Anderson,james.brown@customer.com,James Brown,CloudSolutions Ltd,Technical Support,2024-04-02 17:49:00,2024-04-04 19:49:00,,bug,,2.11
500086,GDPR compliance,Customer reported: GDPR compliance. Detailed description and context provided.,Security Question,pending,low,nicole.davis@company.com,Nicole Davis,james.davis@customer.com,James Davis,InnovateCo,Customer Success,2024-04-02 17:54:00,2024-04-05 16:54:00,,"onboarding,escalated",,3.9
500636,Salesforce sync stopped,Customer reported: Salesforce sync stopped. Detailed description and context provided.,Integration Issue,pending,high,jessica.martinez@company.com,Jessica Martinez,lisa.smith@customer.com,Lisa Smith,FutureWorks LLC,Technical Support,2024-04-02 17:55:00,2024-04-03 09:55:00,,training,,4.14
500907,Audit log access,Customer reported: Audit log access. Detailed description and context provided.,Security Question,open,low,robert.lee@company.com,Robert Lee,michael.smith@customer.com,Michael Smith,FutureWorks LLC,Product,2024-04-03 08:44:00,2024-04-04 14:44:00,,"integration,urgent",,6.07
500781,Bulk data retrieval,Customer reported: Bulk data retrieval. Detailed description and context provided.,Data Export,solved,normal,lisa.moore@company.com,Lisa Moore,john.martinez@customer.com,John Martinez,Digital Dynamics,Technical Support,2024-04-03 09:01:00,2024-04-05 11:01:00,2024-04-03 13:01:00,onboarding,4.0,7.72
500967,Team workspace creation,Customer reported: Team workspace creation. Detailed description and context provided.,Account Setup,solved,high,amanda.taylor@company.com,Amanda Taylor,sarah.garcia@customer.com,Sarah Garcia,DataFlow Systems,Technical Support,2024-04-03 09:01:00,2024-04-03 17:01:00,2024-04-03 21:01:00,"integration,training,bug",12.0,7.61
500852,Create custom fields,Customer reported: Create custom fields. Detailed description and context provided.,How-to Question,solved,normal,laura.anderson@company.com,Laura Anderson,james.davis@customer.com,James Davis,StartupXYZ,Sales,2024-04-03 09:10:00,2024-04-03 19:10:00,2024-04-03 16:10:00,"vip,training",7.0,4.7
500541,Payment method update,Customer reported: Payment method update. Detailed description and context provided.,Billing Inquiry,pending,normal,amanda.taylor@company.com,Amanda Taylor,maria.garcia@customer.com,Maria Garcia,FutureWorks LLC,Billing,2024-04-03 09:18:00,2024-04-05 18:18:00,,"training,vip,bug",,5.92
500344,API timeout,Customer reported: API timeout. Detailed description and context provided.,Integration Issue,solved,normal,maria.hernandez@company.com,Maria Hernandez,robert.smith@customer.com,Robert Smith,Digital Dynamics,Billing,2024-04-03 09:19:00,2024-04-04 03:19:00,2024-04-04 11:19:00,"integration,urgent",26.0,6.24
500671,Advanced filtering,Customer reported: Advanced filtering. Detailed description and context provided.,Feature Request,open,normal,sarah.williams@company.com,Sarah Williams,david.davis@customer.com,David Davis,Enterprise Global,Product,2024-04-03 09:23:00,2024-04-06 07:23:00,,"feature,urgent",,6.04
500152,Refund request,Customer reported: Refund request. Detailed description and context provided.,Billing Inquiry,solved,normal,patricia.clark@company.com,Patricia Clark,sarah.rodriguez@customer.com,Sarah Rodriguez,Digital Dynamics,Billing,2024-04-03 10:10:00,2024-04-04 01:10:00,2024-04-05 09:10:00,training,47.0,1.49
500235,CSV contains corrupted files,Customer reported: CSV contains corrupted files. Detailed description and context provided.,Data Export,pending,low,emily.chen@company.com,Emily Chen,michael.martinez@customer.com,Michael Martinez,StartupXYZ,Technical Support,2024-04-03 10:11:00,2024-04-05 13:11:00,,"feature,onboarding,integration",,1.28
500922,Email template,Customer reported: Email template. Detailed description and context provided.,Configuration Help,solved,normal,amanda.taylor@company.com,Amanda Taylor,david.martinez@customer.com,David Martinez,TechCorp Inc,Sales,2024-04-03 10:20:00,2024-04-05 05:20:00,2024-04-04 02:20:00,vip,16.0,5.32
500787,Permission configuration,Customer reported: Permission configuration. Detailed description and context provided.,Account Setup,solved,normal,nicole.davis@company.com,Nicole Davis,emily.brown@customer.com,Emily Brown,CloudSolutions Ltd,Technical Support,2024-04-03 10:40:00,2024-04-04 19:40:00,2024-04-04 21:40:00,"feature,urgent",35.0,4.87
500481,Slow dashboard load,Customer reported: Slow dashboard load. Detailed description and context provided.,Performance Issue,solved,normal,michael.thompson@company.com,Michael Thompson,sarah.smith@customer.com,Sarah Smith,Digital Dynamics,Customer Success,2024-04-03 10:44:00,2024-04-04 03:44:00,2024-04-03 19:44:00,"urgent,vip",9.0,1.31
500523,Permission configuration,Customer reported: Permission configuration. Detailed description and context provided.,Account Setup,solved,normal,jennifer.garcia@company.com,Jennifer Garcia,robert.davis@customer.com,Robert Davis,Digital Dynamics,Billing,2024-04-03 10:45:00,2024-04-06 02:45:00,2024-04-03 16:45:00,"vip,escalated",6.0,5.9
500147,Data retention policy,Customer reported: Data retention policy. Detailed description and context provided.,Security Question,solved,normal,kevin.wilson@company.com,Kevin Wilson,david.martinez@customer.com,David Martinez,InnovateCo,Technical Support,2024-04-03 10:46:00,2024-04-04 10:46:00,2024-04-03 14:46:00,escalated,4.0,6.7
500222,Permission configuration,Customer reported: Permission configuration. Detailed description and context provided.,Account Setup,pending,high,tom.anderson@company.com,Tom Anderson,james.johnson@customer.com,James Johnson,SmartBusiness Co,Technical Support,2024-04-03 10:49:00,2024-04-05 20:49:00,,"feature,training",,2.81
500202,Advanced filtering,Customer reported: Advanced filtering. Detailed description and context provided.,Feature Request,pending,normal,mike.johnson@company.com,Mike Johnson,david.johnson@customer.com,David Johnson,StartupXYZ,Billing,2024-04-03 10:56:00,2024-04-04 22:56:00,,"bug,urgent,feature",,5.19
500680,Bulk edit capability,Customer reported: Bulk edit capability. Detailed description and context provided.,Feature Request,open,high,mike.johnson@company.com,Mike Johnson,james.smith@customer.com,James Smith,Enterprise Global,Technical Support,2024-04-03 11:12:00,2024-04-04 17:12:00,,bug,,3.7
500017,Rate limit exceeded,Customer reported: Rate limit exceeded. Detailed description and context provided.,API Question,solved,low,nicole.davis@company.com,Nicole Davis,john.rodriguez@customer.com,John Rodriguez,TechCorp Inc,Sales,2024-04-03 11:17:00,2024-04-03 21:17:00,2024-04-06 03:17:00,feature,64.0,1.75
500411,Rate limit exceeded,Customer reported: Rate limit exceeded. Detailed description and context provided.,API Question,pending,high,patricia.clark@company.com,Patricia Clark,james.johnson@customer.com,James Johnson,StartupXYZ,Technical Support,2024-04-03 11:18:00,2024-04-04 04:18:00,,"vip,escalated,bug",,4.5
500005,Workflow automation,Customer reported: Workflow automation. Detailed description and context provided.,Configuration Help,solved,high,maria.hernandez@company.com,Maria Hernandez,robert.brown@customer.com,Robert Brown,CloudSolutions Ltd,Technical Support,2024-04-03 11:23:00,2024-04-03 21:23:00,2024-04-04 07:23:00,"escalated,bug",20.0,7.92
500929,Cannot access account,Customer reported: Cannot access account. Detailed description and context provided.,Login Problem,open,normal,robert.lee@company.com,Robert Lee,michael.davis@customer.com,Michael Davis,DataFlow Systems,Sales,2024-04-03 11:27:00,2024-04-04 15:27:00,,"urgent,feature",,7.01
500651,GDPR compliance,Customer reported: GDPR compliance. Detailed description and context provided.,Security Question,pending,high,mike.johnson@company.com,Mike Johnson,john.garcia@customer.com,John Garcia,FutureWorks LLC,Billing,2024-04-03 11:28:00,2024-04-04 15:28:00,,bug,,3.32
500556,Scheduled export,Customer reported: Scheduled export. Detailed description and context provided.,Data Export,solved,normal,robert.lee@company.com,Robert Lee,david.martinez@customer.com,David Martinez,Digital Dynamics,Product,2024-04-03 11:30:00,2024-04-06 07:30:00,2024-04-04 16:30:00,"escalated,feature,onboarding",29.0,7.48
500991,Slow dashboard load,Customer reported: Slow dashboard load. Detailed description and context provided.,Performance Issue,open,normal,david.rodriguez@company.com,David Rodriguez,maria.williams@customer.com,Maria Williams,StartupXYZ,Customer Success,2024-04-03 11:35:00,2024-04-03 20:35:00,,"urgent,vip",,7.26
500198,Refund request,Customer reported: Refund request. Detailed description and context provided.,Billing Inquiry,open,normal,jennifer.garcia@company.com,Jennifer Garcia,jennifer.williams@customer.com,Jennifer Williams,FutureWorks LLC,Technical Support,2024-04-03 11:44:00,2024-04-05 05:44:00,,"integration,onboarding,feature",,3.31
500382,Export format options,Customer reported: Export format options. Detailed description and context provided.,Data Export,pending,high,nicole.davis@company.com,Nicole Davis,maria.brown@customer.com,Maria Brown,InnovateCo,Product,2024-04-03 12:01:00,2024-04-04 23:01:00,,"urgent,bug,training",,5.66
500582,Dark mode support,Customer reported: Dark mode support. Detailed description and context provided.,Feature Request,open,high,sarah.williams@company.com,Sarah Williams,john.rodriguez@customer.com,John Rodriguez,TechCorp Inc,Billing,2024-04-03 12:03:00,2024-04-05 20:03:00,,"escalated,feature",,1.22
500466,Configure SSO,Customer reported: Configure SSO. Detailed description and context provided.,How-to Question,solved,normal,maria.hernandez@company.com,Maria Hernandez,jennifer.rodriguez@customer.com,Jennifer Rodriguez,CloudSolutions Ltd,Technical Support,2024-04-03 12:13:00,2024-04-05 05:13:00,2024-04-04 14:13:00,"integration,urgent,escalated",26.0,3.53
500697,Application crash on login,Customer reported: Application crash on login. Detailed description and context provided.,Bug Report,solved,high,maria.hernandez@company.com,Maria Hernandez,sarah.rodriguez@customer.com,Sarah Rodriguez,Enterprise Global,Customer Success,2024-04-03 12:15:00,2024-04-06 10:15:00,2024-04-03 16:15:00,escalated,4.0,1.56
500763,Bulk data retrieval,Customer reported: Bulk data retrieval. Detailed description and context provided.,Data Export,open,normal,michael.thompson@company.com,Michael Thompson,jennifer.martinez@customer.com,Jennifer Martinez,TechCorp Inc,Billing,2024-04-03 12:16:00,2024-04-03 14:16:00,,"feature,training",,1.32
500461,GDPR compliance,Customer reported: GDPR compliance. Detailed description and context provided.,Security Question,open,high,mike.johnson@company.com,Mike Johnson,jennifer.williams@customer.com,Jennifer Williams,InnovateCo,Sales,2024-04-03 12:18:00,2024-04-04 03:18:00,,"urgent,bug,feature",,7.77
500798,Create custom fields,Customer reported: Create custom fields. Detailed description and context provided.,How-to Question,solved,normal,jessica.martinez@company.com,Jessica Martinez,jennifer.johnson@customer.com,Jennifer Johnson,DataFlow Systems,Technical Support,2024-04-03 12:18:00,2024-04-04 20:18:00,2024-04-04 10:18:00,integration,22.0,7.54
500613,Authentication error,Customer reported: Authentication error. Detailed description and context provided.,API Question,pending,normal,mike.johnson@company.com,Mike Johnson,jennifer.williams@customer.com,Jennifer Williams,Digital Dynamics,Product,2024-04-03 12:20:00,2024-04-03 23:20:00,,"bug,vip",,6.79
500209,Authentication error,Customer reported: Authentication error. Detailed description and context provided.,API Question,open,high,ryan.miller@company.com,Ryan Miller,jennifer.johnson@customer.com,Jennifer Johnson,TechCorp Inc,Billing,2024-04-03 12:24:00,2024-04-05 11:24:00,,"vip,urgent,bug",,2.12
500332,Cannot access account,Customer reported: Cannot access account. Detailed description and context provided.,Login Problem,open,high,ryan.miller@company.com,Ryan Miller,john.brown@customer.com,John Brown,MegaCorp Industries,Technical Support,2024-04-03 12:29:00,2024-04-05 23:29:00,,"vip,bug,escalated",,5.1
500201,Application crash on login,Customer reported: Application crash on login. Detailed description and context provided.,Bug Report,open,high,jessica.martinez@company.com,Jessica Martinez,jennifer.smith@customer.com,Jennifer Smith,DataFlow Systems,Technical Support,2024-04-03 12:36:00,2024-04-03 19:36:00,,training,,3.92
500512,New user onboarding,Customer reported: New user onboarding. Detailed description and context provided.,Account Setup,solved,normal,tom.anderson@company.com,Tom Anderson,john.williams@customer.com,John Williams,Digital Dynamics,Technical Support,2024-04-03 12:44:00,2024-04-06 11:44:00,2024-04-04 12:44:00,"bug,urgent,feature",24.0,2.0
500679,GDPR compliance,Customer reported: GDPR compliance. Detailed description and context provided.,Security Question,solved,normal,ryan.miller@company.com,Ryan Miller,james.brown@customer.com,James Brown,Digital Dynamics,Technical Support,2024-04-03 12:46:00,2024-04-04 03:46:00,2024-04-04 08:46:00,"vip,onboarding,escalated",20.0,4.27
500686,2FA issues,Customer reported: 2FA issues. Detailed description and context provided.,Login Problem,solved,normal,jennifer.garcia@company.com,Jennifer Garcia,jennifer.johnson@customer.com,Jennifer Johnson,MegaCorp Industries,Billing,2024-04-03 13:02:00,2024-04-04 22:02:00,2024-04-05 04:02:00,training,39.0,3.64
500261,Configure SSO,Customer reported: Configure SSO. Detailed description and context provided.,How-to Question,open,normal,kevin.wilson@company.com,Kevin Wilson,michael.johnson@customer.com,Michael Johnson,Digital Dynamics,Technical Support,2024-04-03 13:08:00,2024-04-06 00:08:00,,"bug,training",,5.26
500245,Custom reporting,Customer reported: Custom reporting. Detailed description and context provided.,Feature Request,pending,normal,jennifer.garcia@company.com,Jennifer Garcia,emily.williams@customer.com,Emily Williams,FutureWorks LLC,Technical Support,2024-04-03 13:13:00,2024-04-05 20:13:00,,"onboarding,training",,7.36
500701,Custom reporting,Customer reported: Custom reporting. Detailed description and context provided.,Feature Request,solved,normal,daniel.white@company.com,Daniel White,david.williams@customer.com,David Williams,DataFlow Systems,Technical Support,2024-04-03 13:20:00,2024-04-06 03:20:00,2024-04-03 21:20:00,"bug,vip",8.0,6.26
500684,Password reset not working,Customer reported: Password reset not working. Detailed description and context provided.,Login Problem,solved,high,sarah.williams@company.com,Sarah Williams,david.brown@customer.com,David Brown,FutureWorks LLC,Billing,2024-04-03 13:21:00,2024-04-06 09:21:00,2024-04-04 09:21:00,"vip,urgent",20.0,1.48
500757,Configure SSO,Customer reported: Configure SSO. Detailed description and context provided.,How-to Question,open,high,tom.anderson@company.com,Tom Anderson,john.davis@customer.com,John Davis,SmartBusiness Co,Technical Support,2024-04-03 13:29:00,2024-04-06 00:29:00,,"onboarding,bug",,1.39
500994,Workflow automation,Customer reported: Workflow automation. Detailed description and context provided.,Configuration Help,solved,normal,michael.thompson@company.com,Michael Thompson,james.jones@customer.com,James Jones,CloudSolutions Ltd,Technical Support,2024-04-03 13:29:00,2024-04-04 08:29:00,2024-04-04 11:29:00,"urgent,feature",22.0,6.54
500537,Advanced filtering,Customer reported: Advanced filtering. Detailed description and context provided.,Feature Request,solved,high,jessica.martinez@company.com,Jessica Martinez,jennifer.williams@customer.com,Jennifer Williams,Digital Dynamics,Product,2024-04-03 13:41:00,2024-04-06 10:41:00,2024-04-03 20:41:00,"urgent,training",7.0,1.75
500104,Custom reporting,Customer reported: Custom reporting. Detailed description and context provided.,Feature Request,pending,low,tom.anderson@company.com,Tom Anderson,robert.garcia@customer.com,Robert Garcia,TechCorp Inc,Technical Support,2024-04-03 13:42:00,2024-04-06 09:42:00,,"integration,vip",,7.63
500538,Mobile app freeze,Customer reported: Mobile app freeze. Detailed description and context provided.,Bug Report,pending,low,jennifer.garcia@company.com,Jennifer Garcia,maria.brown@customer.com,Maria Brown,InnovateCo,Technical Support,2024-04-03 13:47:00,2024-04-06 02:47:00,,"escalated,urgent",,3.0
500634,Search delays,Customer reported: Search delays. Detailed description and context provided.,Performance Issue,solved,normal,james.taylor@company.com,James Taylor,james.williams@customer.com,James Williams,CloudSolutions Ltd,Technical Support,2024-04-03 13:52:00,2024-04-05 19:52:00,2024-04-05 02:52:00,"bug,onboarding",37.0,1.51
500465,Invoice discrepancy,Customer reported: Invoice discrepancy. Detailed description and context provided.,Billing Inquiry,pending,low,jessica.martinez@company.com,Jessica Martinez,john.garcia@customer.com,John Garcia,FutureWorks LLC,Technical Support,2024-04-03 13:53:00,2024-04-04 10:53:00,,training,,2.45
500617,Authentication error,Customer reported: Authentication error. Detailed description and context provided.,API Question,solved,normal,patricia.clark@company.com,Patricia Clark,maria.brown@customer.com,Maria Brown,SmartBusiness Co,Technical Support,2024-04-03 14:02:00,2024-04-05 08:02:00,2024-04-04 14:02:00,"escalated,urgent",24.0,2.24
500524,Configure SSO,Customer reported: Configure SSO. Detailed description and context provided.,How-to Question,solved,normal,amanda.taylor@company.com,Amanda Taylor,maria.martinez@customer.com,Maria Martinez,InnovateCo,Technical Support,2024-04-03 14:07:00,2024-04-05 03:07:00,2024-04-04 05:07:00,"urgent,integration,escalated",15.0,1.85
500125,Setup API integration,Customer reported: Setup API integration. Detailed description and context provided.,How-to Question,pending,normal,mike.johnson@company.com,Mike Johnson,michael.miller@customer.com,Michael Miller,SmartBusiness Co,Technical Support,2024-04-03 14:20:00,2024-04-05 11:20:00,,vip,,4.39
500108,Dark mode support,Customer reported: Dark mode support. Detailed description and context provided.,Feature Request,solved,high,kevin.wilson@company.com,Kevin Wilson,david.johnson@customer.com,David Johnson,CloudSolutions Ltd,Technical Support,2024-04-03 14:55:00,2024-04-05 14:55:00,2024-04-04 08:55:00,"training,integration",18.0,1.61
500032,Slow dashboard load,Customer reported: Slow dashboard load. Detailed description and context provided.,Performance Issue,solved,low,nicole.davis@company.com,Nicole Davis,david.jones@customer.com,David Jones,InnovateCo,Billing,2024-04-03 15:12:00,2024-04-04 14:12:00,2024-04-05 13:12:00,"onboarding,feature",46.0,3.81
500207,Bulk data retrieval,Customer reported: Bulk data retrieval. Detailed description and context provided.,Data Export,solved,normal,maria.hernandez@company.com,Maria Hernandez,john.jones@customer.com,John Jones,InnovateCo,Technical Support,2024-04-03 15:15:00,2024-04-06 14:15:00,2024-04-05 09:15:00,"feature,onboarding,training",42.0,2.72
500024,Email template,Customer reported: Email template. Detailed description and context provided.,Configuration Help,solved,normal,michael.thompson@company.com,Michael Thompson,robert.davis@customer.com,Robert Davis,Enterprise Global,Technical Support,2024-04-03 15:17:00,2024-04-05 11:17:00,2024-04-04 08:17:00,vip,17.0,5.26
500676,Email template,Customer reported: Email template. Detailed description and context provided.,Configuration Help,solved,high,tom.anderson@company.com,Tom Anderson,sarah.miller@customer.com,Sarah Miller,Digital Dynamics,Sales,2024-04-03 15:25:00,2024-04-04 17:25:00,2024-04-04 07:25:00,"training,escalated,onboarding",16.0,5.86
500544,Session timeout,Customer reported: Session timeout. Detailed description and context provided.,Login Problem,open,normal,amanda.taylor@company.com,Amanda Taylor,sarah.martinez@customer.com,Sarah Martinez,InnovateCo,Technical Support,2024-04-03 15:52:00,2024-04-04 00:52:00,,feature,,4.15
500900,IP whitelist setup,Customer reported: IP whitelist setup. Detailed description and context provided.,Security Question,solved,high,emily.chen@company.com,Emily Chen,jennifer.davis@customer.com,Jennifer Davis,InnovateCo,Customer Success,2024-04-03 15:58:00,2024-04-05 10:58:00,2024-04-04 12:58:00,"onboarding,bug",21.0,5.67
500995,Report generation timeout,Customer reported: Report generation timeout. Detailed description and context provided.,Performance Issue,solved,high,kevin.wilson@company.com,Kevin Wilson,lisa.brown@customer.com,Lisa Brown,MegaCorp Industries,Billing,2024-04-03 16:02:00,2024-04-06 14:02:00,2024-04-04 00:02:00,"escalated,feature",8.0,6.0
500098,Bulk edit capability,Customer reported: Bulk edit capability. Detailed description and context provided.,Feature Request,solved,high,sarah.williams@company.com,Sarah Williams,jennifer.davis@customer.com,Jennifer Davis,FutureWorks LLC,Technical Support,2024-04-03 16:15:00,2024-04-04 12:15:00,2024-04-04 13:15:00,"training,onboarding,integration",21.0,5.32
500848,Invoice discrepancy,Customer reported: Invoice discrepancy. Detailed description and context provided.,Billing Inquiry,solved,low,james.taylor@company.com,James Taylor,robert.davis@customer.com,Robert Davis,StartupXYZ,Billing,2024-04-03 16:30:00,2024-04-05 08:30:00,2024-04-05 00:30:00,urgent,32.0,5.19
500620,Advanced filtering,Customer reported: Advanced filtering. Detailed description and context provided.,Feature Request,pending,high,amanda.taylor@company.com,Amanda Taylor,john.martinez@customer.com,John Martinez,FutureWorks LLC,Customer Success,2024-04-03 16:40:00,2024-04-06 06:40:00,,"escalated,integration",,5.3
500934,Webhook not firing,Customer reported: Webhook not firing. Detailed description and context provided.,Integration Issue,solved,normal,jessica.martinez@company.com,Jessica Martinez,maria.miller@customer.com,Maria Miller,CloudSolutions Ltd,Product,2024-04-03 16:44:00,2024-04-04 19:44:00,2024-04-05 14:44:00,"bug,vip",46.0,7.52
500874,Scheduled export,Customer reported: Scheduled export. Detailed description and context provided.,Data Export,solved,normal,emily.chen@company.com,Emily Chen,sarah.brown@customer.com,Sarah Brown,CloudSolutions Ltd,Product,2024-04-03 16:49:00,2024-04-03 17:49:00,2024-04-05 11:49:00,"feature,urgent",43.0,2.08
500483,Password reset not working,Customer reported: Password reset not working. Detailed description and context provided.,Login Problem,pending,normal,kevin.wilson@company.com,Kevin Wilson,robert.martinez@customer.com,Robert Martinez,InnovateCo,Product,2024-04-03 16:54:00,2024-04-05 13:54:00,,"vip,urgent,integration",,6.22
500520,Webhook retry logic,Customer reported: Webhook retry logic. Detailed description and context provided.,API Question,solved,high,david.rodriguez@company.com,David Rodriguez,lisa.davis@customer.com,Lisa Davis,CloudSolutions Ltd,Product,2024-04-03 16:57:00,2024-04-05 02:57:00,2024-04-03 22:57:00,onboarding,6.0,5.83
500821,Search delays,Customer reported: Search delays. Detailed description and context provided.,Performance Issue,pending,high,michael.thompson@company.com,Michael Thompson,maria.martinez@customer.com,Maria Martinez,StartupXYZ,Billing,2024-04-03 17:02:00,2024-04-04 20:02:00,,onboarding,,2.64
500705,Audit log access,Customer reported: Audit log access. Detailed description and context provided.,Security Question,open,high,jessica.martinez@company.com,Jessica Martinez,lisa.smith@customer.com,Lisa Smith,DataFlow Systems,Customer Success,2024-04-03 17:07:00,2024-04-03 21:07:00,,"vip,feature,integration",,7.03
500179,Create custom fields,Customer reported: Create custom fields. Detailed description and context provided.,How-to Question,solved,normal,james.taylor@company.com,James Taylor,david.miller@customer.com,David Miller,Enterprise Global,Customer Success,2024-04-03 17:08:00,2024-04-04 12:08:00,2024-04-04 01:08:00,"vip,bug",8.0,2.39
500445,CSV contains corrupted files,Customer reported: CSV contains corrupted files. Detailed description and context provided.,Data Export,solved,normal,jessica.martinez@company.com,Jessica Martinez,maria.williams@customer.com,Maria Williams,Digital Dynamics,Sales,2024-04-03 17:13:00,2024-04-05 00:13:00,2024-04-04 08:13:00,"vip,onboarding,bug",15.0,3.11
500990,SLA configuration,Customer reported: SLA configuration. Detailed description and context provided.,Configuration Help,solved,normal,nicole.davis@company.com,Nicole Davis,john.davis@customer.com,John Davis,DataFlow Systems,Billing,2024-04-03 17:18:00,2024-04-04 18:18:00,2024-04-04 18:18:00,integration,25.0,4.68
500193,Team workspace creation,Customer reported: Team workspace creation. Detailed description and context provided.,Account Setup,pending,high,mike.johnson@company.com,Mike Johnson,emily.miller@customer.com,Emily Miller,SmartBusiness Co,Billing,2024-04-03 17:20:00,2024-04-03 19:20:00,,"training,feature,onboarding",,4.19
500875,API timeout,Customer reported: API timeout. Detailed description and context provided.,Integration Issue,solved,normal,amanda.taylor@company.com,Amanda Taylor,michael.williams@customer.com,Michael Williams,MegaCorp Industries,Technical Support,2024-04-03 17:27:00,2024-04-06 07:27:00,2024-04-03 23:27:00,"vip,feature,urgent",6.0,3.1
500935,Bulk edit capability,Customer reported: Bulk edit capability. Detailed description and context provided.,Feature Request,pending,high,laura.anderson@company.com,Laura Anderson,john.davis@customer.com,John Davis,InnovateCo,Billing,2024-04-03 17:47:00,2024-04-05 16:47:00,,"escalated,onboarding",,3.3
500837,Dark mode support,Customer reported: Dark mode support. Detailed description and context provided.,Feature Request,pending,normal,robert.lee@company.com,Robert Lee,robert.miller@customer.com,Robert Miller,TechCorp Inc,Technical Support,2024-04-03 17:52:00,2024-04-04 04:52:00,,bug,,1.22
500835,Configure SSO,Customer reported: Configure SSO. Detailed description and context provided.,How-to Question,solved,low,nicole.davis@company.com,Nicole Davis,lisa.miller@customer.com,Lisa Miller,InnovateCo,Technical Support,2024-04-03 17:53:00,2024-04-04 23:53:00,2024-04-05 14:53:00,"feature,urgent,escalated",45.0,6.84
500652,Application crash on login,Customer reported: Application crash on login. Detailed description and context provided.,Bug Report,solved,normal,lisa.moore@company.com,Lisa Moore,robert.garcia@customer.com,Robert Garcia,FutureWorks LLC,Product,2024-04-03 17:59:00,2024-04-06 06:59:00,2024-04-04 08:59:00,"bug,onboarding",15.0,5.92
500742,Advanced filtering,Customer reported: Advanced filtering. Detailed description and context provided.,Feature Request,solved,high,tom.anderson@company.com,Tom Anderson,michael.brown@customer.com,Michael Brown,Digital Dynamics,Billing,2024-04-04 08:16:00,2024-04-05 20:16:00,2024-04-04 21:16:00,"training,feature",13.0,4.97
500292,Webhook retry logic,Customer reported: Webhook retry logic. Detailed description and context provided.,API Question,solved,normal,david.rodriguez@company.com,David Rodriguez,robert.smith@customer.com,Robert Smith,DataFlow Systems,Technical Support,2024-04-04 08:42:00,2024-04-05 12:42:00,2024-04-06 03:42:00,"onboarding,feature,vip",43.0,7.28
500050,GDPR compliance,Customer reported: GDPR compliance. Detailed description and context provided.,Security Question,pending,normal,chris.brown@company.com,Chris Brown,emily.brown@customer.com,Emily Brown,Digital Dynamics,Technical Support,2024-04-04 09:07:00,2024-04-07 06:07:00,,"integration,urgent",,6.74
500420,Data retention policy,Customer reported: Data retention policy. Detailed description and context provided.,Security Question,solved,normal,chris.brown@company.com,Chris Brown,james.rodriguez@customer.com,James Rodriguez,FutureWorks LLC,Billing,2024-04-04 09:11:00,2024-04-07 01:11:00,2024-04-05 04:11:00,"urgent,training",19.0,4.76
500286,How to export data to CSV,Customer reported: How to export data to CSV. Detailed description and context provided.,How-to Question,pending,high,jessica.martinez@company.com,Jessica Martinez,david.brown@customer.com,David Brown,SmartBusiness Co,Billing,2024-04-04 09:17:00,2024-04-05 18:17:00,,onboarding,,6.61
500034,Custom reporting,Customer reported: Custom reporting. Detailed description and context provided.,Feature Request,solved,high,mike.johnson@company.com,Mike Johnson,james.martinez@customer.com,James Martinez,InnovateCo,Billing,2024-04-04 09:51:00,2024-04-06 22:51:00,2024-04-05 05:51:00,"escalated,feature,training",20.0,2.33
500240,Email template,Customer reported: Email template. Detailed description and context provided.,Configuration Help,solved,high,laura.anderson@company.com,Laura Anderson,david.brown@customer.com,David Brown,DataFlow Systems,Customer Success,2024-04-04 10:12:00,2024-04-07 08:12:00,2024-04-04 19:12:00,escalated,9.0,4.79
500328,Authentication error,Customer reported: Authentication error. Detailed description and context provided.,API Question,solved,high,james.taylor@company.com,James Taylor,jennifer.garcia@customer.com,Jennifer Garcia,StartupXYZ,Technical Support,2024-04-04 10:18:00,2024-04-06 06:18:00,2024-04-04 13:18:00,integration,3.0,1.87
500406,Advanced filtering,Customer reported: Advanced filtering. Detailed description and context provided.,Feature Request,solved,normal,jessica.martinez@company.com,Jessica Martinez,michael.williams@customer.com,Michael Williams,Enterprise Global,Customer Success,2024-04-04 10:20:00,2024-04-06 19:20:00,2024-04-06 08:20:00,urgent,46.0,7.69
500896,Refund request,Customer reported: Refund request. Detailed description and context provided.,Billing Inquiry,solved,high,sarah.williams@company.com,Sarah Williams,emily.williams@customer.com,Emily Williams,Digital Dynamics,Billing,2024-04-04 10:20:00,2024-04-06 22:20:00,2024-04-05 01:20:00,"vip,escalated,integration",15.0,6.78
500418,Slack notifications failed,Customer reported: Slack notifications failed. Detailed description and context provided.,Integration Issue,solved,low,chris.brown@company.com,Chris Brown,michael.smith@customer.com,Michael Smith,DataFlow Systems,Technical Support,2024-04-04 10:35:00,2024-04-06 16:35:00,2024-04-05 13:35:00,"urgent,vip,onboarding",27.0,7.14
500258,Slack notifications failed,Customer reported: Slack notifications failed. Detailed description and context provided.,Integration Issue,solved,high,robert.lee@company.com,Robert Lee,robert.williams@customer.com,Robert Williams,Enterprise Global,Technical Support,2024-04-04 10:43:00,2024-04-06 08:43:00,2024-04-05 03:43:00,training,17.0,1.46
500124,How to export data to CSV,Customer reported: How to export data to CSV. Detailed description and context provided.,How-to Question,solved,normal,sarah.williams@company.com,Sarah Williams,sarah.jones@customer.com,Sarah Jones,MegaCorp Industries,Technical Support,2024-04-04 10:50:00,2024-04-06 22:50:00,2024-04-06 01:50:00,"training,integration,feature",39.0,6.27
500345,Report generation timeout,Customer reported: Report generation timeout. Detailed description and context provided.,Performance Issue,solved,normal,jessica.martinez@company.com,Jessica Martinez,michael.miller@customer.com,Michael Miller,MegaCorp Industries,Technical Support,2024-04-04 10:50:00,2024-04-07 10:50:00,2024-04-05 17:50:00,integration,31.0,1.09
500027,Configure SSO,Customer reported: Configure SSO. Detailed description and context provided.,How-to Question,solved,high,emily.chen@company.com,Emily Chen,james.brown@customer.com,James Brown,Enterprise Global,Product,2024-04-04 10:55:00,2024-04-06 15:55:00,2024-04-04 11:55:00,vip,1.0,3.37
500698,Slack notifications failed,Customer reported: Slack notifications failed. Detailed description and context provided.,Integration Issue,solved,normal,laura.anderson@company.com,Laura Anderson,james.johnson@customer.com,James Johnson,Digital Dynamics,Billing,2024-04-04 11:01:00,2024-04-06 09:01:00,2024-04-06 08:01:00,vip,45.0,2.18
500325,Create custom fields,Customer reported: Create custom fields. Detailed description and context provided.,How-to Question,open,high,lisa.moore@company.com,Lisa Moore,robert.johnson@customer.com,Robert Johnson,SmartBusiness Co,Technical Support,2024-04-04 11:29:00,2024-04-05 21:29:00,,integration,,3.05
500002,Report generation timeout,Customer reported: Report generation timeout. Detailed description and context provided.,Performance Issue,pending,high,ryan.miller@company.com,Ryan Miller,jennifer.martinez@customer.com,Jennifer Martinez,Enterprise Global,Technical Support,2024-04-04 11:32:00,2024-04-07 09:32:00,,bug,,5.74
500107,SLA configuration,Customer reported: SLA configuration. Detailed description and context provided.,Configuration Help,solved,low,mike.johnson@company.com,Mike Johnson,jennifer.jones@customer.com,Jennifer Jones,MegaCorp Industries,Billing,2024-04-04 11:34:00,2024-04-05 12:34:00,2024-04-06 18:34:00,"escalated,vip,training",55.0,6.51
500690,Advanced filtering,Customer reported: Advanced filtering. Detailed description and context provided.,Feature Request,solved,high,tom.anderson@company.com,Tom Anderson,michael.miller@customer.com,Michael Miller,FutureWorks LLC,Technical Support,2024-04-04 11:34:00,2024-04-06 11:34:00,2024-04-04 22:34:00,"onboarding,urgent",11.0,5.19
500927,Workflow automation,Customer reported: Workflow automation. Detailed description and context provided.,Configuration Help,pending,normal,amanda.taylor@company.com,Amanda Taylor,maria.garcia@customer.com,Maria Garcia,FutureWorks LLC,Technical Support,2024-04-04 11:37:00,2024-04-06 22:37:00,,feature,,6.3
500910,Team workspace creation,Customer reported: Team workspace creation. Detailed description and context provided.,Account Setup,solved,high,jessica.martinez@company.com,Jessica Martinez,maria.martinez@customer.com,Maria Martinez,Digital Dynamics,Billing,2024-04-04 11:38:00,2024-04-05 02:38:00,2024-04-05 11:38:00,integration,24.0,6.16
500564,Advanced filtering,Customer reported: Advanced filtering. Detailed description and context provided.,Feature Request,pending,low,james.taylor@company.com,James Taylor,james.martinez@customer.com,James Martinez,TechCorp Inc,Billing,2024-04-04 11:53:00,2024-04-06 20:53:00,,"urgent,bug",,3.78
500640,Data export fails,Customer reported: Data export fails. Detailed description and context provided.,Bug Report,open,low,ryan.miller@company.com,Ryan Miller,john.garcia@customer.com,John Garcia,Digital Dynamics,Billing,2024-04-04 12:00:00,2024-04-06 06:00:00,,training,,3.5
500653,Export format options,Customer reported: Export format options. Detailed description and context provided.,Data Export,solved,normal,jennifer.garcia@company.com,Jennifer Garcia,james.johnson@customer.com,James Johnson,Digital Dynamics,Billing,2024-04-04 12:02:00,2024-04-06 03:02:00,2024-04-06 12:02:00,"escalated,bug,onboarding",48.0,5.4
500323,Export format options,Customer reported: Export format options. Detailed description and context provided.,Data Export,pending,normal,kevin.wilson@company.com,Kevin Wilson,john.garcia@customer.com,John Garcia,InnovateCo,Billing,2024-04-04 12:02:00,2024-04-05 18:02:00,,"urgent,vip,training",,7.98
500044,Data retention policy,Customer reported: Data retention policy. Detailed description and context provided.,Security Question,solved,high,chris.brown@company.com,Chris Brown,maria.johnson@customer.com,Maria Johnson,FutureWorks LLC,Technical Support,2024-04-04 12:04:00,2024-04-05 20:04:00,2024-04-04 16:04:00,onboarding,4.0,4.5
500302,Domain setup,Customer reported: Domain setup. Detailed description and context provided.,Account Setup,solved,normal,ryan.miller@company.com,Ryan Miller,lisa.martinez@customer.com,Lisa Martinez,Enterprise Global,Product,2024-04-04 12:06:00,2024-04-05 13:06:00,2024-04-05 12:06:00,"bug,integration,escalated",24.0,3.23
500008,Workflow automation,Customer reported: Workflow automation. Detailed description and context provided.,Configuration Help,solved,high,mike.johnson@company.com,Mike Johnson,james.martinez@customer.com,James Martinez,DataFlow Systems,Technical Support,2024-04-04 12:08:00,2024-04-05 03:08:00,2024-04-04 17:08:00,"escalated,integration",5.0,7.97
500132,Scheduled export,Customer reported: Scheduled export. Detailed description and context provided.,Data Export,solved,normal,james.taylor@company.com,James Taylor,david.rodriguez@customer.com,David Rodriguez,TechCorp Inc,Product,2024-04-04 12:13:00,2024-04-06 01:13:00,2024-04-05 23:13:00,escalated,35.0,1.5
500957,Subscription upgrade,Customer reported: Subscription upgrade. Detailed description and context provided.,Billing Inquiry,solved,normal,tom.anderson@company.com,Tom Anderson,james.garcia@customer.com,James Garcia,CloudSolutions Ltd,Product,2024-04-04 12:17:00,2024-04-05 22:17:00,2024-04-05 02:17:00,"vip,bug",14.0,3.14
500736,Custom field setup,Customer reported: Custom field setup. Detailed description and context provided.,Configuration Help,solved,high,daniel.white@company.com,Daniel White,david.johnson@customer.com,David Johnson,CloudSolutions Ltd,Product,2024-04-04 12:19:00,2024-04-06 13:19:00,2024-04-04 21:19:00,"urgent,onboarding,integration",9.0,7.0
500276,Webhook retry logic,Customer reported: Webhook retry logic. Detailed description and context provided.,API Question,open,normal,daniel.white@company.com,Daniel White,james.brown@customer.com,James Brown,DataFlow Systems,Technical Support,2024-04-04 12:21:00,2024-04-05 17:21:00,,"training,escalated",,4.8
500589,Application crash on login,Customer reported: Application crash on login. Detailed description and context provided.,Bug Report,solved,high,mike.johnson@company.com,Mike Johnson,michael.jones@customer.com,Michael Jones,Digital Dynamics,Customer Success,2024-04-04 12:25:00,2024-04-04 22:25:00,2024-04-05 00:25:00,onboarding,12.0,0.83
500799,Permission configuration,Customer reported: Permission configuration. Detailed description and context provided.,Account Setup,pending,high,patricia.clark@company.com,Patricia Clark,lisa.rodriguez@customer.com,Lisa Rodriguez,Enterprise Global,Technical Support,2024-04-04 12:31:00,2024-04-05 17:31:00,,"feature,integration,bug",,2.89
500753,Audit log access,Customer reported: Audit log access. Detailed description and context provided.,Security Question,solved,normal,chris.brown@company.com,Chris Brown,emily.johnson@customer.com,Emily Johnson,Enterprise Global,Technical Support,2024-04-04 12:36:00,2024-04-06 00:36:00,2024-04-05 12:36:00,"vip,bug",24.0,4.69
500646,Setup API integration,Customer reported: Setup API integration. Detailed description and context provided.,How-to Question,solved,normal,maria.hernandez@company.com,Maria Hernandez,sarah.miller@customer.com,Sarah Miller,TechCorp Inc,Customer Success,2024-04-04 12:54:00,2024-04-06 11:54:00,2024-04-06 11:54:00,"training,bug,vip",47.0,6.62
501000,IP whitelist setup,Customer reported: IP whitelist setup. Detailed description and context provided.,Security Question,pending,high,emily.chen@company.com,Emily Chen,sarah.johnson@customer.com,Sarah Johnson,DataFlow Systems,Product,2024-04-04 12:55:00,2024-04-07 08:55:00,,urgent,,7.4
500555,Bulk edit capability,Customer reported: Bulk edit capability. Detailed description and context provided.,Feature Request,solved,high,daniel.white@company.com,Daniel White,james.miller@customer.com,James Miller,DataFlow Systems,Sales,2024-04-04 13:06:00,2024-04-06 12:06:00,2024-04-05 04:06:00,urgent,15.0,3.69
500543,Slack notifications failed,Customer reported: Slack notifications failed. Detailed description and context provided.,Integration Issue,pending,normal,jessica.martinez@company.com,Jessica Martinez,emily.rodriguez@customer.com,Emily Rodriguez,TechCorp Inc,Technical Support,2024-04-04 13:10:00,2024-04-07 05:10:00,,onboarding,,7.11
500055,Audit log access,Customer reported: Audit log access. Detailed description and context provided.,Security Question,solved,normal,jennifer.garcia@company.com,Jennifer Garcia,david.smith@customer.com,David Smith,InnovateCo,Technical Support,2024-04-04 13:11:00,2024-04-06 18:11:00,2024-04-05 21:11:00,"integration,onboarding",32.0,6.95
500959,Permission configuration,Customer reported: Permission configuration. Detailed description and context provided.,Account Setup,open,normal,james.taylor@company.com,James Taylor,michael.williams@customer.com,Michael Williams,StartupXYZ,Billing,2024-04-04 13:16:00,2024-04-06 09:16:00,,vip,,1.92
500139,IP whitelist setup,Customer reported: IP whitelist setup. Detailed description and context provided.,Security Question,solved,high,jennifer.garcia@company.com,Jennifer Garcia,michael.rodriguez@customer.com,Michael Rodriguez,InnovateCo,Technical Support,2024-04-04 13:26:00,2024-04-07 02:26:00,2024-04-05 13:26:00,"onboarding,training,feature",24.0,4.44
500063,Advanced filtering,Customer reported: Advanced filtering. Detailed description and context provided.,Feature Request,solved,normal,maria.hernandez@company.com,Maria Hernandez,james.garcia@customer.com,James Garcia,SmartBusiness Co,Billing,2024-04-04 13:29:00,2024-04-07 07:29:00,2024-04-05 01:29:00,"urgent,bug",12.0,5.95
500983,Invoice discrepancy,Customer reported: Invoice discrepancy. Detailed description and context provided.,Billing Inquiry,pending,normal,chris.brown@company.com,Chris Brown,david.smith@customer.com,David Smith,InnovateCo,Technical Support,2024-04-04 13:36:00,2024-04-06 14:36:00,,"onboarding,vip,feature",,6.7
500727,Webhook not firing,Customer reported: Webhook not firing. Detailed description and context provided.,Integration Issue,solved,normal,kevin.wilson@company.com,Kevin Wilson,robert.johnson@customer.com,Robert Johnson,Digital Dynamics,Technical Support,2024-04-04 13:43:00,2024-04-06 12:43:00,2024-04-04 18:43:00,"training,feature,escalated",5.0,3.14
500180,Configure SSO,Customer reported: Configure SSO. Detailed description and context provided.,How-to Question,pending,high,tom.anderson@company.com,Tom Anderson,john.miller@customer.com,John Miller,StartupXYZ,Technical Support,2024-04-04 13:46:00,2024-04-05 03:46:00,,"escalated,training,bug",,3.8
500869,API timeout,Customer reported: API timeout. Detailed description and context provided.,Integration Issue,open,high,sarah.williams@company.com,Sarah Williams,maria.smith@customer.com,Maria Smith,CloudSolutions Ltd,Technical Support,2024-04-04 13:48:00,2024-04-06 20:48:00,,"bug,training,integration",,7.74
500365,Authentication error,Customer reported: Authentication error. Detailed description and context provided.,API Question,solved,high,ryan.miller@company.com,Ryan Miller,sarah.smith@customer.com,Sarah Smith,Digital Dynamics,Technical Support,2024-04-04 13:54:00,2024-04-06 01:54:00,2024-04-05 07:54:00,"bug,vip",18.0,2.49
500527,IP whitelist setup,Customer reported: IP whitelist setup. Detailed description and context provided.,Security Question,solved,high,ryan.miller@company.com,Ryan Miller,robert.martinez@customer.com,Robert Martinez,MegaCorp Industries,Technical Support,2024-04-04 13:55:00,2024-04-06 07:55:00,2024-04-04 15:55:00,escalated,2.0,2.41
500760,Slack notifications failed,Customer reported: Slack notifications failed. Detailed description and context provided.,Integration Issue,solved,normal,chris.brown@company.com,Chris Brown,sarah.rodriguez@customer.com,Sarah Rodriguez,DataFlow Systems,Technical Support,2024-04-04 14:07:00,2024-04-04 19:07:00,2024-04-06 06:07:00,"feature,integration",40.0,5.75
500162,Bulk edit capability,Customer reported: Bulk edit capability. Detailed description and context provided.,Feature Request,pending,low,ryan.miller@company.com,Ryan Miller,john.jones@customer.com,John Jones,MegaCorp Industries,Product,2024-04-04 14:21:00,2024-04-06 14:21:00,,"urgent,escalated,training",,1.91
500417,Audit log access,Customer reported: Audit log access. Detailed description and context provided.,Security Question,pending,normal,daniel.white@company.com,Daniel White,james.miller@customer.com,James Miller,MegaCorp Industries,Customer Success,2024-04-04 14:27:00,2024-04-06 07:27:00,,"feature,onboarding,vip",,4.06
500097,Password reset not working,Customer reported: Password reset not working. Detailed description and context provided.,Login Problem,solved,high,tom.anderson@company.com,Tom Anderson,lisa.williams@customer.com,Lisa Williams,DataFlow Systems,Technical Support,2024-04-04 14:27:00,2024-04-06 06:27:00,2024-04-05 14:27:00,"vip,integration,escalated",24.0,1.95
500189,IP whitelist setup,Customer reported: IP whitelist setup. Detailed description and context provided.,Security Question,solved,normal,emily.chen@company.com,Emily Chen,maria.johnson@customer.com,Maria Johnson,SmartBusiness Co,Technical Support,2024-04-04 14:28:00,2024-04-05 17:28:00,2024-04-05 11:28:00,onboarding,21.0,2.94
500166,SLA configuration,Customer reported: SLA configuration. Detailed description and context provided.,Configuration Help,solved,high,emily.chen@company.com,Emily Chen,jennifer.williams@customer.com,Jennifer Williams,StartupXYZ,Technical Support,2024-04-04 14:31:00,2024-04-07 05:31:00,2024-04-05 14:31:00,bug,24.0,5.9
500621,CSV contains corrupted files,Customer reported: CSV contains corrupted files. Detailed description and context provided.,Data Export,solved,low,james.taylor@company.com,James Taylor,david.brown@customer.com,David Brown,MegaCorp Industries,Technical Support,2024-04-04 14:32:00,2024-04-05 20:32:00,2024-04-05 00:32:00,vip,10.0,0.95
500174,Report generation timeout,Customer reported: Report generation timeout. Detailed description and context provided.,Performance Issue,pending,normal,mike.johnson@company.com,Mike Johnson,sarah.rodriguez@customer.com,Sarah Rodriguez,StartupXYZ,Technical Support,2024-04-04 14:36:00,2024-04-06 09:36:00,,vip,,3.78
500517,Create custom fields,Customer reported: Create custom fields. Detailed description and context provided.,How-to Question,solved,high,sarah.williams@company.com,Sarah Williams,michael.smith@customer.com,Michael Smith,Enterprise Global,Sales,2024-04-04 14:38:00,2024-04-05 15:38:00,2024-04-05 04:38:00,"feature,integration",14.0,3.88
500412,Refund request,Customer reported: Refund request. Detailed description and context provided.,Billing Inquiry,solved,normal,sarah.williams@company.com,Sarah Williams,james.martinez@customer.com,James Martinez,StartupXYZ,Technical Support,2024-04-04 14:39:00,2024-04-04 23:39:00,2024-04-05 15:39:00,"feature,vip,onboarding",25.0,5.52
500862,Workflow automation,Customer reported: Workflow automation. Detailed description and context provided.,Configuration Help,solved,normal,amanda.taylor@company.com,Amanda Taylor,michael.jones@customer.com,Michael Jones,TechCorp Inc,Billing,2024-04-04 14:40:00,2024-04-05 22:40:00,2024-04-05 13:40:00,"integration,vip",23.0,2.59
500080,Payment method update,Customer reported: Payment method update. Detailed description and context provided.,Billing Inquiry,pending,high,sarah.williams@company.com,Sarah Williams,maria.brown@customer.com,Maria Brown,DataFlow Systems,Technical Support,2024-04-04 14:41:00,2024-04-06 09:41:00,,"feature,integration,vip",,6.6
500528,Create custom fields,Customer reported: Create custom fields. Detailed description and context provided.,How-to Question,open,normal,david.rodriguez@company.com,David Rodriguez,james.jones@customer.com,James Jones,CloudSolutions Ltd,Billing,2024-04-04 14:49:00,2024-04-05 17:49:00,,integration,,4.18
500128,Email template,Customer reported: Email template. Detailed description and context provided.,Configuration Help,solved,high,kevin.wilson@company.com,Kevin Wilson,david.davis@customer.com,David Davis,InnovateCo,Product,2024-04-04 14:49:00,2024-04-04 18:49:00,2024-04-05 06:49:00,"escalated,bug,feature",16.0,1.05
500511,Data export fails,Customer reported: Data export fails. Detailed description and context provided.,Bug Report,open,low,emily.chen@company.com,Emily Chen,sarah.davis@customer.com,Sarah Davis,Digital Dynamics,Customer Success,2024-04-04 14:55:00,2024-04-06 19:55:00,,"escalated,training,bug",,5.88
500581,SLA configuration,Customer reported: SLA configuration. Detailed description and context provided.,Configuration Help,pending,high,maria.hernandez@company.com,Maria Hernandez,maria.johnson@customer.com,Maria Johnson,DataFlow Systems,Customer Success,2024-04-04 15:04:00,2024-04-05 04:04:00,,urgent,,3.33
500230,Scheduled export,Customer reported: Scheduled export. Detailed description and context provided.,Data Export,solved,high,tom.anderson@company.com,Tom Anderson,lisa.williams@customer.com,Lisa Williams,CloudSolutions Ltd,Technical Support,2024-04-04 15:10:00,2024-04-04 23:10:00,2024-04-04 23:10:00,onboarding,8.0,6.55
500079,Email template,Customer reported: Email template. Detailed description and context provided.,Configuration Help,solved,high,jessica.martinez@company.com,Jessica Martinez,john.miller@customer.com,John Miller,Enterprise Global,Technical Support,2024-04-04 15:28:00,2024-04-06 15:28:00,2024-04-05 09:28:00,vip,18.0,7.62
500601,Audit log access,Customer reported: Audit log access. Detailed description and context provided.,Security Question,solved,high,laura.anderson@company.com,Laura Anderson,lisa.johnson@customer.com,Lisa Johnson,StartupXYZ,Technical Support,2024-04-04 15:30:00,2024-04-07 14:30:00,2024-04-05 06:30:00,escalated,15.0,6.28
500269,Application crash on login,Customer reported: Application crash on login. Detailed description and context provided.,Bug Report,open,normal,amanda.taylor@company.com,Amanda Taylor,sarah.martinez@customer.com,Sarah Martinez,Digital Dynamics,Product,2024-04-04 15:44:00,2024-04-04 16:44:00,,vip,,6.35
500754,Dashboard not loading,Customer reported: Dashboard not loading. Detailed description and context provided.,Bug Report,solved,low,amanda.taylor@company.com,Amanda Taylor,jennifer.miller@customer.com,Jennifer Miller,InnovateCo,Billing,2024-04-04 15:44:00,2024-04-04 23:44:00,2024-04-06 02:44:00,"vip,bug",35.0,2.06
500989,2FA issues,Customer reported: 2FA issues. Detailed description and context provided.,Login Problem,solved,normal,robert.lee@company.com,Robert Lee,michael.garcia@customer.com,Michael Garcia,Digital Dynamics,Customer Success,2024-04-04 15:49:00,2024-04-04 17:49:00,2024-04-05 04:49:00,urgent,13.0,3.43
500109,Mobile app freeze,Customer reported: Mobile app freeze. Detailed description and context provided.,Bug Report,solved,normal,laura.anderson@company.com,Laura Anderson,robert.garcia@customer.com,Robert Garcia,InnovateCo,Billing,2024-04-04 15:52:00,2024-04-04 19:52:00,2024-04-05 21:52:00,"vip,bug",30.0,2.18
500669,Data retention policy,Customer reported: Data retention policy. Detailed description and context provided.,Security Question,pending,normal,tom.anderson@company.com,Tom Anderson,emily.rodriguez@customer.com,Emily Rodriguez,FutureWorks LLC,Billing,2024-04-04 15:58:00,2024-04-07 12:58:00,,training,,7.73
500661,Data retention policy,Customer reported: Data retention policy. Detailed description and context provided.,Security Question,pending,normal,jessica.martinez@company.com,Jessica Martinez,maria.rodriguez@customer.com,Maria Rodriguez,FutureWorks LLC,Billing,2024-04-04 16:04:00,2024-04-05 17:04:00,,escalated,,6.66
500518,Team workspace creation,Customer reported: Team workspace creation. Detailed description and context provided.,Account Setup,solved,high,ryan.miller@company.com,Ryan Miller,lisa.miller@customer.com,Lisa Miller,InnovateCo,Product,2024-04-04 16:23:00,2024-04-05 03:23:00,2024-04-04 17:23:00,"escalated,onboarding,feature",1.0,6.02
500815,Authentication error,Customer reported: Authentication error. Detailed description and context provided.,API Question,pending,normal,lisa.moore@company.com,Lisa Moore,james.martinez@customer.com,James Martinez,CloudSolutions Ltd,Billing,2024-04-04 16:28:00,2024-04-05 09:28:00,,"integration,escalated,bug",,3.06
500793,Refund request,Customer reported: Refund request. Detailed description and context provided.,Billing Inquiry,pending,normal,emily.chen@company.com,Emily Chen,sarah.martinez@customer.com,Sarah Martinez,FutureWorks LLC,Billing,2024-04-04 16:35:00,2024-04-05 00:35:00,,"urgent,bug,training",,7.62
500745,Data export fails,Customer reported: Data export fails. Detailed description and context provided.,Bug Report,solved,normal,patricia.clark@company.com,Patricia Clark,john.garcia@customer.com,John Garcia,InnovateCo,Customer Success,2024-04-04 16:42:00,2024-04-06 09:42:00,2024-04-05 03:42:00,"onboarding,vip",11.0,4.71
500375,Custom field setup,Customer reported: Custom field setup. Detailed description and context provided.,Configuration Help,pending,normal,robert.lee@company.com,Robert Lee,sarah.miller@customer.com,Sarah Miller,Enterprise Global,Customer Success,2024-04-04 16:50:00,2024-04-07 04:50:00,,"onboarding,escalated,urgent",,0.64
500038,Page load errors,Customer reported: Page load errors. Detailed description and context provided.,Performance Issue,solved,normal,mike.johnson@company.com,Mike Johnson,maria.smith@customer.com,Maria Smith,FutureWorks LLC,Customer Success,2024-04-04 17:04:00,2024-04-05 01:04:00,2024-04-05 10:04:00,"training,urgent",17.0,7.57
500668,Mobile app freeze,Customer reported: Mobile app freeze. Detailed description and context provided.,Bug Report,solved,normal,tom.anderson@company.com,Tom Anderson,robert.williams@customer.com,Robert Williams,Digital Dynamics,Technical Support,2024-04-04 17:05:00,2024-04-07 16:05:00,2024-04-06 04:05:00,"vip,feature",35.0,0.6
500734,SLA configuration,Customer reported: SLA configuration. Detailed description and context provided.,Configuration Help,pending,normal,david.rodriguez@company.com,David Rodriguez,david.rodriguez@customer.com,David Rodriguez,CloudSolutions Ltd,Technical Support,2024-04-04 17:06:00,2024-04-05 09:06:00,,"feature,urgent",,1.2
500622,Scheduled export,Customer reported: Scheduled export. Detailed description and context provided.,Data Export,solved,high,nicole.davis@company.com,Nicole Davis,lisa.williams@customer.com,Lisa Williams,Enterprise Global,Product,2024-04-04 17:09:00,2024-04-06 00:09:00,2024-04-05 17:09:00,"urgent,integration",24.0,6.44
500410,Configure SSO,Customer reported: Configure SSO. Detailed description and context provided.,How-to Question,solved,high,tom.anderson@company.com,Tom Anderson,lisa.davis@customer.com,Lisa Davis,Digital Dynamics,Billing,2024-04-04 17:14:00,2024-04-06 16:14:00,2024-04-05 06:14:00,vip,13.0,4.07
500710,Subscription upgrade,Customer reported: Subscription upgrade. Detailed description and context provided.,Billing Inquiry,solved,normal,jessica.martinez@company.com,Jessica Martinez,michael.rodriguez@customer.com,Michael Rodriguez,DataFlow Systems,Billing,2024-04-04 17:17:00,2024-04-06 12:17:00,2024-04-04 22:17:00,feature,5.0,4.98
500928,Endpoint documentation,Customer reported: Endpoint documentation. Detailed description and context provided.,API Question,solved,normal,maria.hernandez@company.com,Maria Hernandez,sarah.garcia@customer.com,Sarah Garcia,StartupXYZ,Customer Success,2024-04-04 17:19:00,2024-04-04 23:19:00,2024-04-05 05:19:00,feature,12.0,2.01
500081,Slack notifications failed,Customer reported: Slack notifications failed. Detailed description and context provided.,Integration Issue,pending,high,laura.anderson@company.com,Laura Anderson,michael.rodriguez@customer.com,Michael Rodriguez,Enterprise Global,Product,2024-04-04 17:21:00,2024-04-04 18:21:00,,vip,,5.46
500579,Slow dashboard load,Customer reported: Slow dashboard load. Detailed description and context provided.,Performance Issue,solved,high,mike.johnson@company.com,Mike Johnson,emily.brown@customer.com,Emily Brown,CloudSolutions Ltd,Billing,2024-04-04 17:21:00,2024-04-05 22:21:00,2024-04-05 16:21:00,"integration,urgent",23.0,5.19
500703,GDPR compliance,Customer reported: GDPR compliance. Detailed description and context provided.,Security Question,solved,high,robert.lee@company.com,Robert Lee,sarah.brown@customer.com,Sarah Brown,StartupXYZ,Technical Support,2024-04-04 17:24:00,2024-04-07 13:24:00,2024-04-05 12:24:00,feature,19.0,7.95
500708,Webhook retry logic,Customer reported: Webhook retry logic. Detailed description and context provided.,API Question,open,normal,chris.brown@company.com,Chris Brown,michael.brown@customer.com,Michael Brown,MegaCorp Industries,Billing,2024-04-04 17:27:00,2024-04-05 05:27:00,,"urgent,vip,feature",,1.88
500746,SLA configuration,Customer reported: SLA configuration. Detailed description and context provided.,Configuration Help,solved,high,ryan.miller@company.com,Ryan Miller,james.garcia@customer.com,James Garcia,StartupXYZ,Technical Support,2024-04-04 17:33:00,2024-04-05 03:33:00,2024-04-05 12:33:00,feature,19.0,0.87
500015,Domain setup,Customer reported: Domain setup. Detailed description and context provided.,Account Setup,solved,low,sarah.williams@company.com,Sarah Williams,emily.johnson@customer.com,Emily Johnson,DataFlow Systems,Technical Support,2024-04-04 17:34:00,2024-04-07 06:34:00,2024-04-06 08:34:00,"escalated,bug,feature",39.0,3.58
500733,Mobile app freeze,Customer reported: Mobile app freeze. Detailed description and context provided.,Bug Report,open,normal,amanda.taylor@company.com,Amanda Taylor,michael.miller@customer.com,Michael Miller,CloudSolutions Ltd,Billing,2024-04-04 17:35:00,2024-04-06 20:35:00,,"onboarding,integration",,1.69
500828,Mobile app freeze,Customer reported: Mobile app freeze. Detailed description and context provided.,Bug Report,open,low,patricia.clark@company.com,Patricia Clark,sarah.davis@customer.com,Sarah Davis,SmartBusiness Co,Technical Support,2024-04-04 17:40:00,2024-04-05 21:40:00,,"feature,onboarding,vip",,0.79
500003,Salesforce sync stopped,Customer reported: Salesforce sync stopped. Detailed description and context provided.,Integration Issue,solved,high,sarah.williams@company.com,Sarah Williams,jennifer.rodriguez@customer.com,Jennifer Rodriguez,DataFlow Systems,Billing,2024-04-04 17:48:00,2024-04-06 14:48:00,2024-04-05 13:48:00,"vip,integration",20.0,2.7
500459,Webhook retry logic,Customer reported: Webhook retry logic. Detailed description and context provided.,API Question,pending,high,tom.anderson@company.com,Tom Anderson,david.smith@customer.com,David Smith,DataFlow Systems,Billing,2024-04-04 17:48:00,2024-04-06 04:48:00,,"onboarding,feature",,4.15
500946,Scheduled export,Customer reported: Scheduled export. Detailed description and context provided.,Data Export,open,high,daniel.white@company.com,Daniel White,emily.jones@customer.com,Emily Jones,TechCorp Inc,Technical Support,2024-04-04 17:53:00,2024-04-07 15:53:00,,"integration,feature",,7.26
500309,CSV contains corrupted files,Customer reported: CSV contains corrupted files. Detailed description and context provided.,Data Export,solved,normal,amanda.taylor@company.com,Amanda Taylor,robert.jones@customer.com,Robert Jones,MegaCorp Industries,Technical Support,2024-04-05 08:37:00,2024-04-07 09:37:00,2024-04-06 11:37:00,escalated,27.0,3.15
500505,Custom field setup,Customer reported: Custom field setup. Detailed description and context provided.,Configuration Help,pending,high,laura.anderson@company.com,Laura Anderson,jennifer.smith@customer.com,Jennifer Smith,TechCorp Inc,Technical Support,2024-04-05 08:50:00,2024-04-06 07:50:00,,onboarding,,5.01
500898,IP whitelist setup,Customer reported: IP whitelist setup. Detailed description and context provided.,Security Question,pending,normal,ryan.miller@company.com,Ryan Miller,jennifer.davis@customer.com,Jennifer Davis,TechCorp Inc,Billing,2024-04-05 08:56:00,2024-04-08 05:56:00,,"escalated,training",,6.67
500600,Slow dashboard load,Customer reported: Slow dashboard load. Detailed description and context provided.,Performance Issue,pending,high,sarah.williams@company.com,Sarah Williams,jennifer.rodriguez@customer.com,Jennifer Rodriguez,CloudSolutions Ltd,Technical Support,2024-04-05 09:00:00,2024-04-07 13:00:00,,"feature,vip",,5.93
500893,How to export data to CSV,Customer reported: How to export data to CSV. Detailed description and context provided.,How-to Question,solved,normal,david.rodriguez@company.com,David Rodriguez,james.martinez@customer.com,James Martinez,MegaCorp Industries,Technical Support,2024-04-05 09:00:00,2024-04-07 21:00:00,2024-04-07 06:00:00,"escalated,vip",45.0,5.27
500049,Endpoint documentation,Customer reported: Endpoint documentation. Detailed description and context provided.,API Question,solved,normal,tom.anderson@company.com,Tom Anderson,james.rodriguez@customer.com,James Rodriguez,StartupXYZ,Billing,2024-04-05 09:14:00,2024-04-07 09:14:00,2024-04-06 19:14:00,"training,bug",34.0,2.8
500953,Dark mode support,Customer reported: Dark mode support. Detailed description and context provided.,Feature Request,solved,normal,jessica.martinez@company.com,Jessica Martinez,sarah.davis@customer.com,Sarah Davis,InnovateCo,Technical Support,2024-04-05 09:57:00,2024-04-06 18:57:00,2024-04-06 11:57:00,"training,vip,integration",26.0,3.75
500333,2FA issues,Customer reported: 2FA issues. Detailed description and context provided.,Login Problem,solved,normal,daniel.white@company.com,Daniel White,michael.davis@customer.com,Michael Davis,MegaCorp Industries,Sales,2024-04-05 10:11:00,2024-04-07 23:11:00,2024-04-07 05:11:00,escalated,43.0,5.76
500770,How to export data to CSV,Customer reported: How to export data to CSV. Detailed description and context provided.,How-to Question,open,high,ryan.miller@company.com,Ryan Miller,david.williams@customer.com,David Williams,InnovateCo,Technical Support,2024-04-05 10:50:00,2024-04-08 10:50:00,,"vip,bug",,2.14
500647,Slack notifications failed,Customer reported: Slack notifications failed. Detailed description and context provided.,Integration Issue,solved,high,chris.brown@company.com,Chris Brown,john.martinez@customer.com,John Martinez,StartupXYZ,Technical Support,2024-04-05 10:53:00,2024-04-06 05:53:00,2024-04-06 06:53:00,"vip,bug",20.0,7.98
500519,Cannot access account,Customer reported: Cannot access account. Detailed description and context provided.,Login Problem,solved,high,jessica.martinez@company.com,Jessica Martinez,john.jones@customer.com,John Jones,SmartBusiness Co,Billing,2024-04-05 11:04:00,2024-04-06 18:04:00,2024-04-06 03:04:00,"escalated,bug,feature",16.0,5.53
500051,Salesforce sync stopped,Customer reported: Salesforce sync stopped. Detailed description and context provided.,Integration Issue,solved,normal,daniel.white@company.com,Daniel White,john.rodriguez@customer.com,John Rodriguez,Enterprise Global,Technical Support,2024-04-05 11:14:00,2024-04-08 08:14:00,2024-04-05 23:14:00,"bug,onboarding,feature",12.0,1.27
500979,Page load errors,Customer reported: Page load errors. Detailed description and context provided.,Performance Issue,solved,high,kevin.wilson@company.com,Kevin Wilson,james.miller@customer.com,James Miller,DataFlow Systems,Customer Success,2024-04-05 11:20:00,2024-04-07 01:20:00,2024-04-06 08:20:00,"urgent,feature",21.0,1.28
500334,Data retention policy,Customer reported: Data retention policy. Detailed description and context provided.,Security Question,solved,normal,amanda.taylor@company.com,Amanda Taylor,emily.rodriguez@customer.com,Emily Rodriguez,MegaCorp Industries,Billing,2024-04-05 11:28:00,2024-04-06 17:28:00,2024-04-05 21:28:00,"feature,vip",10.0,6.5
500972,Cannot access account,Customer reported: Cannot access account. Detailed description and context provided.,Login Problem,solved,normal,laura.anderson@company.com,Laura Anderson,lisa.davis@customer.com,Lisa Davis,DataFlow Systems,Customer Success,2024-04-05 11:31:00,2024-04-06 13:31:00,2024-04-06 05:31:00,"integration,urgent,training",18.0,0.96
500169,How to export data to CSV,Customer reported: How to export data to CSV. Detailed description and context provided.,How-to Question,open,normal,kevin.wilson@company.com,Kevin Wilson,sarah.rodriguez@customer.com,Sarah Rodriguez,CloudSolutions Ltd,Product,2024-04-05 11:34:00,2024-04-07 19:34:00,,feature,,5.15
500062,New user onboarding,Customer reported: New user onboarding. Detailed description and context provided.,Account Setup,solved,normal,patricia.clark@company.com,Patricia Clark,michael.davis@customer.com,Michael Davis,Enterprise Global,Customer Success,2024-04-05 11:35:00,2024-04-06 16:35:00,2024-04-05 22:35:00,"integration,feature,escalated",11.0,7.85
500254,Page load errors,Customer reported: Page load errors. Detailed description and context provided.,Performance Issue,pending,normal,james.taylor@company.com,James Taylor,lisa.davis@customer.com,Lisa Davis,Enterprise Global,Technical Support,2024-04-05 11:38:00,2024-04-06 23:38:00,,training,,2.77
500259,Email template,Customer reported: Email template. Detailed description and context provided.,Configuration Help,pending,high,james.taylor@company.com,James Taylor,sarah.brown@customer.com,Sarah Brown,StartupXYZ,Technical Support,2024-04-05 11:46:00,2024-04-06 11:46:00,,integration,,3.65
500884,Bulk edit capability,Customer reported: Bulk edit capability. Detailed description and context provided.,Feature Request,pending,low,amanda.taylor@company.com,Amanda Taylor,maria.jones@customer.com,Maria Jones,Enterprise Global,Technical Support,2024-04-05 11:46:00,2024-04-07 19:46:00,,"feature,onboarding,urgent",,3.31
500623,Rate limit exceeded,Customer reported: Rate limit exceeded. Detailed description and context provided.,API Question,solved,high,sarah.williams@company.com,Sarah Williams,emily.brown@customer.com,Emily Brown,FutureWorks LLC,Technical Support,2024-04-05 11:48:00,2024-04-06 19:48:00,2024-04-05 18:48:00,"onboarding,vip",7.0,3.82
500223,Password reset not working,Customer reported: Password reset not working. Detailed description and context provided.,Login Problem,solved,normal,tom.anderson@company.com,Tom Anderson,sarah.brown@customer.com,Sarah Brown,StartupXYZ,Technical Support,2024-04-05 11:54:00,2024-04-05 17:54:00,2024-04-06 04:54:00,"urgent,onboarding",17.0,2.74
500509,Data retention policy,Customer reported: Data retention policy. Detailed description and context provided.,Security Question,pending,normal,chris.brown@company.com,Chris Brown,david.smith@customer.com,David Smith,FutureWorks LLC,Technical Support,2024-04-05 11:56:00,2024-04-08 00:56:00,,urgent,,5.68
500860,Webhook retry logic,Customer reported: Webhook retry logic. Detailed description and context provided.,API Question,solved,normal,ryan.miller@company.com,Ryan Miller,michael.smith@customer.com,Michael Smith,Enterprise Global,Billing,2024-04-05 12:05:00,2024-04-06 14:05:00,2024-04-07 12:05:00,"onboarding,urgent",48.0,3.06
500306,Rate limit exceeded,Customer reported: Rate limit exceeded. Detailed description and context provided.,API Question,solved,normal,amanda.taylor@company.com,Amanda Taylor,emily.martinez@customer.com,Emily Martinez,CloudSolutions Ltd,Product,2024-04-05 12:08:00,2024-04-07 15:08:00,2024-04-06 15:08:00,"bug,feature,vip",27.0,1.84
500949,Refund request,Customer reported: Refund request. Detailed description and context provided.,Billing Inquiry,open,normal,nicole.davis@company.com,Nicole Davis,michael.jones@customer.com,Michael Jones,StartupXYZ,Customer Success,2024-04-05 12:08:00,2024-04-06 08:08:00,,vip,,4.4
500903,Team workspace creation,Customer reported: Team workspace creation. Detailed description and context provided.,Account Setup,solved,normal,mike.johnson@company.com,Mike Johnson,lisa.williams@customer.com,Lisa Williams,FutureWorks LLC,Technical Support,2024-04-05 12:09:00,2024-04-08 07:09:00,2024-04-06 17:09:00,"onboarding,integration,bug",29.0,3.33
500348,Bulk edit capability,Customer reported: Bulk edit capability. Detailed description and context provided.,Feature Request,solved,normal,james.taylor@company.com,James Taylor,john.davis@customer.com,John Davis,InnovateCo,Billing,2024-04-05 12:17:00,2024-04-05 14:17:00,2024-04-06 06:17:00,"escalated,bug",18.0,6.39
500667,Salesforce sync stopped,Customer reported: Salesforce sync stopped. Detailed description and context provided.,Integration Issue,open,normal,sarah.williams@company.com,Sarah Williams,david.miller@customer.com,David Miller,StartupXYZ,Technical Support,2024-04-05 12:17:00,2024-04-06 18:17:00,,vip,,1.08
500559,Slow dashboard load,Customer reported: Slow dashboard load. Detailed description and context provided.,Performance Issue,solved,high,james.taylor@company.com,James Taylor,david.jones@customer.com,David Jones,InnovateCo,Technical Support,2024-04-05 12:18:00,2024-04-06 07:18:00,2024-04-06 07:18:00,training,19.0,0.52
500150,Team workspace creation,Customer reported: Team workspace creation. Detailed description and context provided.,Account Setup,pending,normal,lisa.moore@company.com,Lisa Moore,jennifer.martinez@customer.com,Jennifer Martinez,StartupXYZ,Technical Support,2024-04-05 12:23:00,2024-04-06 06:23:00,,"training,escalated",,4.53
500508,Endpoint documentation,Customer reported: Endpoint documentation. Detailed description and context provided.,API Question,solved,low,daniel.white@company.com,Daniel White,sarah.garcia@customer.com,Sarah Garcia,SmartBusiness Co,Technical Support,2024-04-05 12:28:00,2024-04-05 20:28:00,2024-04-08 10:28:00,"training,onboarding",70.0,2.35
500942,Password reset not working,Customer reported: Password reset not working. Detailed description and context provided.,Login Problem,solved,high,jessica.martinez@company.com,Jessica Martinez,david.garcia@customer.com,David Garcia,Digital Dynamics,Customer Success,2024-04-05 12:34:00,2024-04-08 06:34:00,2024-04-05 23:34:00,"training,onboarding,urgent",11.0,5.51
500850,How to export data to CSV,Customer reported: How to export data to CSV. Detailed description and context provided.,How-to Question,solved,high,david.rodriguez@company.com,David Rodriguez,emily.jones@customer.com,Emily Jones,CloudSolutions Ltd,Technical Support,2024-04-05 12:35:00,2024-04-05 22:35:00,2024-04-06 07:35:00,"vip,training",19.0,6.48
500919,2FA issues,Customer reported: 2FA issues. Detailed description and context provided.,Login Problem,solved,normal,daniel.white@company.com,Daniel White,robert.garcia@customer.com,Robert Garcia,Digital Dynamics,Billing,2024-04-05 12:38:00,2024-04-05 20:38:00,2024-04-07 08:38:00,"vip,feature",44.0,1.51
500133,Dashboard not loading,Customer reported: Dashboard not loading. Detailed description and context provided.,Bug Report,solved,normal,robert.lee@company.com,Robert Lee,lisa.rodriguez@customer.com,Lisa Rodriguez,Enterprise Global,Customer Success,2024-04-05 12:46:00,2024-04-05 18:46:00,2024-04-06 17:46:00,escalated,29.0,4.28
500551,Webhook retry logic,Customer reported: Webhook retry logic. Detailed description and context provided.,API Question,solved,low,sarah.williams@company.com,Sarah Williams,lisa.miller@customer.com,Lisa Miller,InnovateCo,Technical Support,2024-04-05 12:57:00,2024-04-07 22:57:00,2024-04-06 22:57:00,"vip,urgent",34.0,4.53
500768,Team workspace creation,Customer reported: Team workspace creation. Detailed description and context provided.,Account Setup,open,normal,nicole.davis@company.com,Nicole Davis,robert.jones@customer.com,Robert Jones,FutureWorks LLC,Technical Support,2024-04-05 13:07:00,2024-04-06 08:07:00,,"bug,training,feature",,2.66
500865,Bulk edit capability,Customer reported: Bulk edit capability. Detailed description and context provided.,Feature Request,solved,low,nicole.davis@company.com,Nicole Davis,david.brown@customer.com,David Brown,Digital Dynamics,Technical Support,2024-04-05 13:13:00,2024-04-08 12:13:00,2024-04-07 07:13:00,"urgent,training",42.0,4.38
500403,Invoice discrepancy,Customer reported: Invoice discrepancy. Detailed description and context provided.,Billing Inquiry,solved,normal,kevin.wilson@company.com,Kevin Wilson,jennifer.rodriguez@customer.com,Jennifer Rodriguez,TechCorp Inc,Technical Support,2024-04-05 13:13:00,2024-04-07 13:13:00,2024-04-05 19:13:00,"bug,vip",6.0,3.05
500423,Bulk data retrieval,Customer reported: Bulk data retrieval. Detailed description and context provided.,Data Export,solved,high,david.rodriguez@company.com,David Rodriguez,john.davis@customer.com,John Davis,FutureWorks LLC,Billing,2024-04-05 13:18:00,2024-04-07 04:18:00,2024-04-06 13:18:00,urgent,24.0,5.42
500598,Advanced filtering,Customer reported: Advanced filtering. Detailed description and context provided.,Feature Request,solved,normal,lisa.moore@company.com,Lisa Moore,sarah.jones@customer.com,Sarah Jones,SmartBusiness Co,Customer Success,2024-04-05 13:24:00,2024-04-06 23:24:00,2024-04-07 10:24:00,"vip,escalated,bug",45.0,7.45
500597,Session timeout,Customer reported: Session timeout. Detailed description and context provided.,Login Problem,solved,high,sarah.williams@company.com,Sarah Williams,jennifer.davis@customer.com,Jennifer Davis,MegaCorp Industries,Technical Support,2024-04-05 13:28:00,2024-04-08 07:28:00,2024-04-06 09:28:00,"onboarding,escalated",20.0,4.23
500289,IP whitelist setup,Customer reported: IP whitelist setup. Detailed description and context provided.,Security Question,solved,high,david.rodriguez@company.com,David Rodriguez,james.smith@customer.com,James Smith,MegaCorp Industries,Technical Support,2024-04-05 13:28:00,2024-04-06 13:28:00,2024-04-05 19:28:00,"integration,vip",6.0,1.71
500832,Endpoint documentation,Customer reported: Endpoint documentation. Detailed description and context provided.,API Question,solved,low,david.rodriguez@company.com,David Rodriguez,david.garcia@customer.com,David Garcia,MegaCorp Industries,Billing,2024-04-05 13:32:00,2024-04-07 18:32:00,2024-04-06 04:32:00,"training,feature",15.0,3.49
500427,API timeout,Customer reported: API timeout. Detailed description and context provided.,Integration Issue,pending,normal,mike.johnson@company.com,Mike Johnson,robert.brown@customer.com,Robert Brown,MegaCorp Industries,Billing,2024-04-05 13:48:00,2024-04-08 02:48:00,,"escalated,feature,bug",,1.59
500242,SLA configuration,Customer reported: SLA configuration. Detailed description and context provided.,Configuration Help,solved,normal,lisa.moore@company.com,Lisa Moore,michael.garcia@customer.com,Michael Garcia,MegaCorp Industries,Customer Success,2024-04-05 13:50:00,2024-04-06 23:50:00,2024-04-05 22:50:00,"bug,feature",9.0,0.83
500649,Webhook retry logic,Customer reported: Webhook retry logic. Detailed description and context provided.,API Question,pending,high,james.taylor@company.com,James Taylor,lisa.miller@customer.com,Lisa Miller,Digital Dynamics,Billing,2024-04-05 13:52:00,2024-04-05 16:52:00,,"escalated,feature",,1.04
500998,Dashboard not loading,Customer reported: Dashboard not loading. Detailed description and context provided.,Bug Report,pending,high,james.taylor@company.com,James Taylor,emily.garcia@customer.com,Emily Garcia,SmartBusiness Co,Technical Support,2024-04-05 13:57:00,2024-04-07 18:57:00,,escalated,,7.53
500428,Rate limit exceeded,Customer reported: Rate limit exceeded. Detailed description and context provided.,API Question,pending,normal,kevin.wilson@company.com,Kevin Wilson,sarah.rodriguez@customer.com,Sarah Rodriguez,StartupXYZ,Technical Support,2024-04-05 13:59:00,2024-04-07 06:59:00,,"integration,bug",,2.53
500938,Team workspace creation,Customer reported: Team workspace creation. Detailed description and context provided.,Account Setup,solved,normal,jennifer.garcia@company.com,Jennifer Garcia,michael.brown@customer.com,Michael Brown,SmartBusiness Co,Technical Support,2024-04-05 14:08:00,2024-04-06 03:08:00,2024-04-07 00:08:00,bug,34.0,2.19
500093,Advanced filtering,Customer reported: Advanced filtering. Detailed description and context provided.,Feature Request,pending,normal,james.taylor@company.com,James Taylor,maria.davis@customer.com,Maria Davis,SmartBusiness Co,Customer Success,2024-04-05 14:13:00,2024-04-07 22:13:00,,"integration,urgent,vip",,3.46
500121,Domain setup,Customer reported: Domain setup. Detailed description and context provided.,Account Setup,open,normal,david.rodriguez@company.com,David Rodriguez,robert.johnson@customer.com,Robert Johnson,Enterprise Global,Billing,2024-04-05 14:15:00,2024-04-06 14:15:00,,"training,vip",,7.97
500118,Permission configuration,Customer reported: Permission configuration. Detailed description and context provided.,Account Setup,solved,high,robert.lee@company.com,Robert Lee,jennifer.smith@customer.com,Jennifer Smith,StartupXYZ,Technical Support,2024-04-05 14:19:00,2024-04-06 12:19:00,2024-04-06 13:19:00,"escalated,bug,onboarding",23.0,7.85
500513,SLA configuration,Customer reported: SLA configuration. Detailed description and context provided.,Configuration Help,solved,high,jessica.martinez@company.com,Jessica Martinez,lisa.davis@customer.com,Lisa Davis,Digital Dynamics,Technical Support,2024-04-05 14:20:00,2024-04-06 07:20:00,2024-04-06 10:20:00,"bug,training,vip",20.0,5.66
500100,Custom reporting,Customer reported: Custom reporting. Detailed description and context provided.,Feature Request,solved,normal,jessica.martinez@company.com,Jessica Martinez,jennifer.martinez@customer.com,Jennifer Martinez,SmartBusiness Co,Technical Support,2024-04-05 14:29:00,2024-04-06 00:29:00,2024-04-07 11:29:00,"urgent,feature,integration",45.0,5.39
500439,Data export fails,Customer reported: Data export fails. Detailed description and context provided.,Bug Report,solved,high,amanda.taylor@company.com,Amanda Taylor,john.garcia@customer.com,John Garcia,TechCorp Inc,Billing,2024-04-05 14:31:00,2024-04-08 00:31:00,2024-04-05 15:31:00,"vip,training",1.0,6.55
500304,Setup API integration,Customer reported: Setup API integration. Detailed description and context provided.,How-to Question,solved,normal,david.rodriguez@company.com,David Rodriguez,david.johnson@customer.com,David Johnson,DataFlow Systems,Technical Support,2024-04-05 14:31:00,2024-04-06 01:31:00,2024-04-06 11:31:00,urgent,21.0,6.59
500906,Mobile app freeze,Customer reported: Mobile app freeze. Detailed description and context provided.,Bug Report,open,high,emily.chen@company.com,Emily Chen,maria.rodriguez@customer.com,Maria Rodriguez,InnovateCo,Sales,2024-04-05 14:35:00,2024-04-06 01:35:00,,integration,,6.48
500057,Permission configuration,Customer reported: Permission configuration. Detailed description and context provided.,Account Setup,pending,high,sarah.williams@company.com,Sarah Williams,james.jones@customer.com,James Jones,SmartBusiness Co,Customer Success,2024-04-05 14:38:00,2024-04-06 06:38:00,,"training,feature,urgent",,4.99
500424,Rate limit exceeded,Customer reported: Rate limit exceeded. Detailed description and context provided.,API Question,pending,normal,tom.anderson@company.com,Tom Anderson,david.jones@customer.com,David Jones,CloudSolutions Ltd,Product,2024-04-05 14:51:00,2024-04-06 07:51:00,,"integration,bug,escalated",,0.61
500743,2FA issues,Customer reported: 2FA issues. Detailed description and context provided.,Login Problem,solved,high,emily.chen@company.com,Emily Chen,sarah.davis@customer.com,Sarah Davis,CloudSolutions Ltd,Technical Support,2024-04-05 14:52:00,2024-04-06 16:52:00,2024-04-06 09:52:00,integration,19.0,4.9
500764,Webhook not firing,Customer reported: Webhook not firing. Detailed description and context provided.,Integration Issue,solved,normal,jessica.martinez@company.com,Jessica Martinez,jennifer.davis@customer.com,Jennifer Davis,StartupXYZ,Technical Support,2024-04-05 14:53:00,2024-04-06 03:53:00,2024-04-06 00:53:00,"integration,onboarding,feature",10.0,2.4
500859,Configure SSO,Customer reported: Configure SSO. Detailed description and context provided.,How-to Question,solved,high,jessica.martinez@company.com,Jessica Martinez,robert.smith@customer.com,Robert Smith,MegaCorp Industries,Sales,2024-04-05 14:54:00,2024-04-07 07:54:00,2024-04-06 13:54:00,"urgent,training",23.0,1.95
500960,Create custom fields,Customer reported: Create custom fields. Detailed description and context provided.,How-to Question,solved,high,jessica.martinez@company.com,Jessica Martinez,maria.johnson@customer.com,Maria Johnson,InnovateCo,Technical Support,2024-04-05 14:58:00,2024-04-08 14:58:00,2024-04-06 08:58:00,vip,18.0,5.84
500712,Authentication error,Customer reported: Authentication error. Detailed description and context provided.,API Question,open,high,nicole.davis@company.com,Nicole Davis,lisa.miller@customer.com,Lisa Miller,StartupXYZ,Product,2024-04-05 15:00:00,2024-04-07 18:00:00,,vip,,2.98
500514,Export format options,Customer reported: Export format options. Detailed description and context provided.,Data Export,solved,normal,chris.brown@company.com,Chris Brown,john.smith@customer.com,John Smith,SmartBusiness Co,Technical Support,2024-04-05 15:12:00,2024-04-07 18:12:00,2024-04-06 19:12:00,"feature,urgent,training",28.0,1.99
500161,Slack notifications failed,Customer reported: Slack notifications failed. Detailed description and context provided.,Integration Issue,solved,normal,jennifer.garcia@company.com,Jennifer Garcia,jennifer.smith@customer.com,Jennifer Smith,SmartBusiness Co,Billing,2024-04-05 15:24:00,2024-04-06 22:24:00,2024-04-06 09:24:00,"escalated,integration",18.0,4.47
500089,Create custom fields,Customer reported: Create custom fields. Detailed description and context provided.,How-to Question,solved,normal,patricia.clark@company.com,Patricia Clark,emily.johnson@customer.com,Emily Johnson,StartupXYZ,Customer Success,2024-04-05 15:38:00,2024-04-08 08:38:00,2024-04-06 08:38:00,"onboarding,urgent,bug",17.0,4.81
500744,Slow dashboard load,Customer reported: Slow dashboard load. Detailed description and context provided.,Performance Issue,pending,high,emily.chen@company.com,Emily Chen,sarah.williams@customer.com,Sarah Williams,StartupXYZ,Technical Support,2024-04-05 15:38:00,2024-04-07 13:38:00,,"bug,training",,2.34
500073,Custom field setup,Customer reported: Custom field setup. Detailed description and context provided.,Configuration Help,pending,high,emily.chen@company.com,Emily Chen,john.jones@customer.com,John Jones,Digital Dynamics,Billing,2024-04-05 15:43:00,2024-04-06 09:43:00,,onboarding,,5.99
500825,GDPR compliance,Customer reported: GDPR compliance. Detailed description and context provided.,Security Question,pending,low,daniel.white@company.com,Daniel White,sarah.garcia@customer.com,Sarah Garcia,CloudSolutions Ltd,Billing,2024-04-05 15:46:00,2024-04-06 02:46:00,,"onboarding,bug,feature",,5.23
500846,2FA issues,Customer reported: 2FA issues. Detailed description and context provided.,Login Problem,open,high,maria.hernandez@company.com,Maria Hernandez,maria.williams@customer.com,Maria Williams,CloudSolutions Ltd,Technical Support,2024-04-05 15:46:00,2024-04-08 10:46:00,,"feature,escalated",,5.1
500532,Application crash on login,Customer reported: Application crash on login. Detailed description and context provided.,Bug Report,solved,normal,mike.johnson@company.com,Mike Johnson,robert.miller@customer.com,Robert Miller,MegaCorp Industries,Billing,2024-04-05 15:53:00,2024-04-08 14:53:00,2024-04-05 23:53:00,training,8.0,5.46
500126,Advanced filtering,Customer reported: Advanced filtering. Detailed description and context provided.,Feature Request,solved,high,emily.chen@company.com,Emily Chen,emily.rodriguez@customer.com,Emily Rodriguez,Enterprise Global,Technical Support,2024-04-05 16:10:00,2024-04-08 11:10:00,2024-04-06 02:10:00,integration,10.0,5.11
500987,Invoice discrepancy,Customer reported: Invoice discrepancy. Detailed description and context provided.,Billing Inquiry,open,normal,tom.anderson@company.com,Tom Anderson,robert.davis@customer.com,Robert Davis,InnovateCo,Technical Support,2024-04-05 16:18:00,2024-04-07 19:18:00,,urgent,,4.02
500699,Export format options,Customer reported: Export format options. Detailed description and context provided.,Data Export,solved,high,tom.anderson@company.com,Tom Anderson,michael.miller@customer.com,Michael Miller,SmartBusiness Co,Billing,2024-04-05 16:22:00,2024-04-06 03:22:00,2024-04-05 18:22:00,"bug,onboarding",2.0,3.69
500689,Workflow automation,Customer reported: Workflow automation. Detailed description and context provided.,Configuration Help,solved,normal,sarah.williams@company.com,Sarah Williams,david.williams@customer.com,David Williams,Enterprise Global,Technical Support,2024-04-05 16:35:00,2024-04-07 06:35:00,2024-04-05 22:35:00,feature,6.0,7.92
500510,Refund request,Customer reported: Refund request. Detailed description and context provided.,Billing Inquiry,solved,high,emily.chen@company.com,Emily Chen,james.smith@customer.com,James Smith,MegaCorp Industries,Billing,2024-04-05 16:35:00,2024-04-06 08:35:00,2024-04-06 10:35:00,"integration,urgent",18.0,7.52
500173,Dashboard not loading,Customer reported: Dashboard not loading. Detailed description and context provided.,Bug Report,solved,high,david.rodriguez@company.com,David Rodriguez,maria.williams@customer.com,Maria Williams,MegaCorp Industries,Sales,2024-04-05 16:57:00,2024-04-06 15:57:00,2024-04-06 03:57:00,integration,11.0,1.72
500791,Bulk edit capability,Customer reported: Bulk edit capability. Detailed description and context provided.,Feature Request,pending,normal,jennifer.garcia@company.com,Jennifer Garcia,david.johnson@customer.com,David Johnson,SmartBusiness Co,Customer Success,2024-04-05 16:59:00,2024-04-07 14:59:00,,"feature,escalated,integration",,7.49
500666,GDPR compliance,Customer reported: GDPR compliance. Detailed description and context provided.,Security Question,open,high,jennifer.garcia@company.com,Jennifer Garcia,maria.miller@customer.com,Maria Miller,Digital Dynamics,Technical Support,2024-04-05 17:03:00,2024-04-07 17:03:00,,training,,7.9
500954,Scheduled export,Customer reported: Scheduled export. Detailed description and context provided.,Data Export,open,high,jessica.martinez@company.com,Jessica Martinez,john.martinez@customer.com,John Martinez,DataFlow Systems,Technical Support,2024-04-05 17:06:00,2024-04-07 18:06:00,,"vip,integration,urgent",,1.38
500399,Application crash on login,Customer reported: Application crash on login. Detailed description and context provided.,Bug Report,pending,normal,sarah.williams@company.com,Sarah Williams,lisa.garcia@customer.com,Lisa Garcia,MegaCorp Industries,Sales,2024-04-05 17:16:00,2024-04-07 11:16:00,,"urgent,escalated,vip",,1.96
500364,Salesforce sync stopped,Customer reported: Salesforce sync stopped. Detailed description and context provided.,Integration Issue,open,high,jessica.martinez@company.com,Jessica Martinez,robert.williams@customer.com,Robert Williams,Enterprise Global,Billing,2024-04-05 17:23:00,2024-04-05 22:23:00,,integration,,7.88
500752,Configure SSO,Customer reported: Configure SSO. Detailed description and context provided.,How-to Question,solved,normal,maria.hernandez@company.com,Maria Hernandez,michael.martinez@customer.com,Michael Martinez,MegaCorp Industries,Billing,2024-04-05 17:44:00,2024-04-08 04:44:00,2024-04-06 04:44:00,"training,onboarding,urgent",11.0,4.41
500122,How to export data to CSV,Customer reported: How to export data to CSV. Detailed description and context provided.,How-to Question,open,normal,nicole.davis@company.com,Nicole Davis,jennifer.williams@customer.com,Jennifer Williams,Digital Dynamics,Technical Support,2024-04-05 17:44:00,2024-04-06 09:44:00,,onboarding,,5.51
500339,Session timeout,Customer reported: Session timeout. Detailed description and context provided.,Login Problem,solved,high,kevin.wilson@company.com,Kevin Wilson,james.williams@customer.com,James Williams,CloudSolutions Ltd,Technical Support,2024-04-05 17:45:00,2024-04-07 04:45:00,2024-04-06 08:45:00,bug,15.0,5.96
500039,Team workspace creation,Customer reported: Team workspace creation. Detailed description and context provided.,Account Setup,solved,low,jennifer.garcia@company.com,Jennifer Garcia,david.miller@customer.com,David Miller,Digital Dynamics,Customer Success,2024-04-05 17:48:00,2024-04-07 23:48:00,2024-04-07 05:48:00,escalated,36.0,3.02
500880,Webhook not firing,Customer reported: Webhook not firing. Detailed description and context provided.,Integration Issue,pending,normal,lisa.moore@company.com,Lisa Moore,james.smith@customer.com,James Smith,Digital Dynamics,Customer Success,2024-04-05 17:49:00,2024-04-06 16:49:00,,"integration,onboarding",,0.77
500266,Dark mode support,Customer reported: Dark mode support. Detailed description and context provided.,Feature Request,solved,normal,robert.lee@company.com,Robert Lee,john.johnson@customer.com,John Johnson,MegaCorp Industries,Billing,2024-04-05 17:49:00,2024-04-06 00:49:00,2024-04-07 15:49:00,"escalated,urgent",46.0,4.6
500350,Team workspace creation,Customer reported: Team workspace creation. Detailed description and context provided.,Account Setup,solved,normal,sarah.williams@company.com,Sarah Williams,john.brown@customer.com,John Brown,Digital Dynamics,Technical Support,2024-04-05 17:52:00,2024-04-07 01:52:00,2024-04-06 21:52:00,"vip,integration,onboarding",28.0,7.87
500170,Page load errors,Customer reported: Page load errors. Detailed description and context provided.,Performance Issue,solved,high,maria.hernandez@company.com,Maria Hernandez,maria.brown@customer.com,Maria Brown,InnovateCo,Customer Success,2024-04-05 17:52:00,2024-04-06 04:52:00,2024-04-06 05:52:00,"vip,onboarding",12.0,7.94
500249,API timeout,Customer reported: API timeout. Detailed description and context provided.,Integration Issue,solved,high,jessica.martinez@company.com,Jessica Martinez,lisa.jones@customer.com,Lisa Jones,MegaCorp Industries,Technical Support,2024-04-05 17:53:00,2024-04-06 23:53:00,2024-04-05 22:53:00,"vip,training,feature",5.0,2.09
500740,Setup API integration,Customer reported: Setup API integration. Detailed description and context provided.,How-to Question,solved,high,tom.anderson@company.com,Tom Anderson,lisa.johnson@customer.com,Lisa Johnson,InnovateCo,Technical Support,2024-04-05 17:59:00,2024-04-08 12:59:00,2024-04-06 10:59:00,onboarding,17.0,1.54
500284,Data retention policy,Customer reported: Data retention policy. Detailed description and context provided.,Security Question,solved,normal,ryan.miller@company.com,Ryan Miller,lisa.williams@customer.com,Lisa Williams,CloudSolutions Ltd,Customer Success,2024-04-06 09:59:00,2024-04-07 12:59:00,2024-04-08 04:59:00,"onboarding,training,urgent",43.0,6.21
500205,Workflow automation,Customer reported: Workflow automation. Detailed description and context provided.,Configuration Help,solved,high,ryan.miller@company.com,Ryan Miller,sarah.rodriguez@customer.com,Sarah Rodriguez,FutureWorks LLC,Product,2024-04-06 10:08:00,2024-04-07 04:08:00,2024-04-07 07:08:00,bug,21.0,3.8
500943,How to export data to CSV,Customer reported: How to export data to CSV. Detailed description and context provided.,How-to Question,solved,normal,lisa.moore@company.com,Lisa Moore,emily.davis@customer.com,Emily Davis,DataFlow Systems,Billing,2024-04-06 10:16:00,2024-04-06 14:16:00,2024-04-08 00:16:00,integration,38.0,1.45
500662,Salesforce sync stopped,Customer reported: Salesforce sync stopped. Detailed description and context provided.,Integration Issue,solved,low,chris.brown@company.com,Chris Brown,robert.johnson@customer.com,Robert Johnson,SmartBusiness Co,Technical Support,2024-04-06 10:27:00,2024-04-07 18:27:00,2024-04-07 03:27:00,"vip,bug",17.0,5.3
500303,Search delays,Customer reported: Search delays. Detailed description and context provided.,Performance Issue,solved,normal,maria.hernandez@company.com,Maria Hernandez,lisa.williams@customer.com,Lisa Williams,StartupXYZ,Technical Support,2024-04-06 12:10:00,2024-04-07 17:10:00,2024-04-08 09:10:00,"training,feature",45.0,3.19
500110,How to export data to CSV,Customer reported: How to export data to CSV. Detailed description and context provided.,How-to Question,pending,normal,ryan.miller@company.com,Ryan Miller,david.davis@customer.com,David Davis,CloudSolutions Ltd,Technical Support,2024-04-06 12:53:00,2024-04-07 07:53:00,,"training,feature,integration",,0.54
500916,Mobile app freeze,Customer reported: Mobile app freeze. Detailed description and context provided.,Bug Report,solved,normal,james.taylor@company.com,James Taylor,john.miller@customer.com,John Miller,StartupXYZ,Technical Support,2024-04-06 13:20:00,2024-04-08 16:20:00,2024-04-07 19:20:00,"bug,feature,training",30.0,0.65
500114,Data export fails,Customer reported: Data export fails. Detailed description and context provided.,Bug Report,solved,high,mike.johnson@company.com,Mike Johnson,robert.garcia@customer.com,Robert Garcia,CloudSolutions Ltd,Billing,2024-04-06 13:22:00,2024-04-08 08:22:00,2024-04-06 18:22:00,"training,onboarding,feature",5.0,5.24
500229,Export format options,Customer reported: Export format options. Detailed description and context provided.,Data Export,solved,normal,daniel.white@company.com,Daniel White,john.jones@customer.com,John Jones,TechCorp Inc,Billing,2024-04-06 13:32:00,2024-04-06 17:32:00,2024-04-07 13:32:00,"onboarding,escalated",24.0,4.88
500092,CSV contains corrupted files,Customer reported: CSV contains corrupted files. Detailed description and context provided.,Data Export,solved,low,daniel.white@company.com,Daniel White,sarah.jones@customer.com,Sarah Jones,Digital Dynamics,Billing,2024-04-06 13:36:00,2024-04-07 09:36:00,2024-04-07 17:36:00,"escalated,feature,integration",28.0,3.82
500337,2FA issues,Customer reported: 2FA issues. Detailed description and context provided.,Login Problem,solved,high,tom.anderson@company.com,Tom Anderson,robert.davis@customer.com,Robert Davis,Digital Dynamics,Technical Support,2024-04-06 13:38:00,2024-04-07 12:38:00,2024-04-06 23:38:00,escalated,10.0,5.1
500663,Application crash on login,Customer reported: Application crash on login. Detailed description and context provided.,Bug Report,solved,low,lisa.moore@company.com,Lisa Moore,james.brown@customer.com,James Brown,MegaCorp Industries,Billing,2024-04-06 13:49:00,2024-04-07 18:49:00,2024-04-08 08:49:00,vip,43.0,1.82
500140,Scheduled export,Customer reported: Scheduled export. Detailed description and context provided.,Data Export,open,high,emily.chen@company.com,Emily Chen,emily.brown@customer.com,Emily Brown,Enterprise Global,Customer Success,2024-04-06 14:29:00,2024-04-08 00:29:00,,"integration,vip,bug",,6.28
500265,Payment method update,Customer reported: Payment method update. Detailed description and context provided.,Billing Inquiry,solved,normal,chris.brown@company.com,Chris Brown,michael.brown@customer.com,Michael Brown,TechCorp Inc,Technical Support,2024-04-06 14:31:00,2024-04-08 18:31:00,2024-04-06 19:31:00,"bug,urgent,training",5.0,5.83
500595,Permission configuration,Customer reported: Permission configuration. Detailed description and context provided.,Account Setup,pending,high,amanda.taylor@company.com,Amanda Taylor,maria.miller@customer.com,Maria Miller,FutureWorks LLC,Customer Success,2024-04-06 14:33:00,2024-04-09 06:33:00,,"urgent,vip,escalated",,7.21
500117,Report generation timeout,Customer reported: Report generation timeout. Detailed description and context provided.,Performance Issue,solved,normal,david.rodriguez@company.com,David Rodriguez,robert.jones@customer.com,Robert Jones,StartupXYZ,Billing,2024-04-06 14:33:00,2024-04-08 21:33:00,2024-04-06 23:33:00,vip,9.0,2.96
500677,How to export data to CSV,Customer reported: How to export data to CSV. Detailed description and context provided.,How-to Question,open,normal,tom.anderson@company.com,Tom Anderson,sarah.smith@customer.com,Sarah Smith,CloudSolutions Ltd,Technical Support,2024-04-06 14:49:00,2024-04-08 16:49:00,,onboarding,,4.25
500937,Page load errors,Customer reported: Page load errors. Detailed description and context provided.,Performance Issue,solved,normal,chris.brown@company.com,Chris Brown,michael.martinez@customer.com,Michael Martinez,TechCorp Inc,Technical Support,2024-04-06 15:05:00,2024-04-09 04:05:00,2024-04-08 00:05:00,"training,feature",33.0,7.25
500984,Email template,Customer reported: Email template. Detailed description and context provided.,Configuration Help,solved,normal,daniel.white@company.com,Daniel White,james.martinez@customer.com,James Martinez,Enterprise Global,Customer Success,2024-04-06 16:25:00,2024-04-08 00:25:00,2024-04-08 11:25:00,integration,43.0,3.57
500545,IP whitelist setup,Customer reported: IP whitelist setup. Detailed description and context provided.,Security Question,solved,low,jennifer.garcia@company.com,Jennifer Garcia,john.davis@customer.com,John Davis,Digital Dynamics,Product,2024-04-06 16:49:00,2024-04-08 03:49:00,2024-04-07 19:49:00,vip,27.0,6.36
500772,Report generation timeout,Customer reported: Report generation timeout. Detailed description and context provided.,Performance Issue,pending,normal,kevin.wilson@company.com,Kevin Wilson,david.jones@customer.com,David Jones,DataFlow Systems,Technical Support,2024-04-06 17:08:00,2024-04-07 11:08:00,,"training,integration",,1.88
500030,Export format options,Customer reported: Export format options. Detailed description and context provided.,Data Export,solved,low,jennifer.garcia@company.com,Jennifer Garcia,david.smith@customer.com,David Smith,MegaCorp Industries,Billing,2024-04-06 17:20:00,2024-04-07 08:20:00,2024-04-09 02:20:00,feature,57.0,3.23
500105,Rate limit exceeded,Customer reported: Rate limit exceeded. Detailed description and context provided.,API Question,solved,high,sarah.williams@company.com,Sarah Williams,lisa.martinez@customer.com,Lisa Martinez,CloudSolutions Ltd,Customer Success,2024-04-06 17:31:00,2024-04-08 07:31:00,2024-04-06 21:31:00,"escalated,vip,training",4.0,1.86
500901,Configure SSO,Customer reported: Configure SSO. Detailed description and context provided.,How-to Question,solved,normal,chris.brown@company.com,Chris Brown,john.brown@customer.com,John Brown,StartupXYZ,Technical Support,2024-04-06 17:44:00,2024-04-06 22:44:00,2024-04-07 05:44:00,"onboarding,training,bug",12.0,2.8
500751,Application crash on login,Customer reported: Application crash on login. Detailed description and context provided.,Bug Report,solved,high,mike.johnson@company.com,Mike Johnson,david.smith@customer.com,David Smith,DataFlow Systems,Customer Success,2024-04-06 17:46:00,2024-04-08 17:46:00,2024-04-07 11:46:00,integration,18.0,1.06
500352,SLA configuration,Customer reported: SLA configuration. Detailed description and context provided.,Configuration Help,pending,low,james.taylor@company.com,James Taylor,lisa.smith@customer.com,Lisa Smith,CloudSolutions Ltd,Technical Support,2024-04-06 17:55:00,2024-04-08 00:55:00,,"vip,feature",,6.42
500087,SLA configuration,Customer reported: SLA configuration. Detailed description and context provided.,Configuration Help,solved,high,nicole.davis@company.com,Nicole Davis,sarah.johnson@customer.com,Sarah Johnson,DataFlow Systems,Billing,2024-04-07 10:20:00,2024-04-09 10:20:00,2024-04-07 15:20:00,escalated,5.0,1.22
500552,Advanced filtering,Customer reported: Advanced filtering. Detailed description and context provided.,Feature Request,open,normal,emily.chen@company.com,Emily Chen,robert.garcia@customer.com,Robert Garcia,CloudSolutions Ltd,Product,2024-04-07 10:47:00,2024-04-08 14:47:00,,urgent,,7.18
500378,Payment method update,Customer reported: Payment method update. Detailed description and context provided.,Billing Inquiry,open,low,chris.brown@company.com,Chris Brown,lisa.miller@customer.com,Lisa Miller,CloudSolutions Ltd,Technical Support,2024-04-07 10:52:00,2024-04-08 22:52:00,,escalated,,4.41
500529,Custom field setup,Customer reported: Custom field setup. Detailed description and context provided.,Configuration Help,solved,high,michael.thompson@company.com,Michael Thompson,lisa.rodriguez@customer.com,Lisa Rodriguez,InnovateCo,Customer Success,2024-04-07 10:58:00,2024-04-08 03:58:00,2024-04-07 22:58:00,"training,feature",12.0,4.07
500616,Application crash on login,Customer reported: Application crash on login. Detailed description and context provided.,Bug Report,solved,high,tom.anderson@company.com,Tom Anderson,lisa.brown@customer.com,Lisa Brown,DataFlow Systems,Technical Support,2024-04-07 10:59:00,2024-04-07 13:59:00,2024-04-08 00:59:00,vip,14.0,6.48
500386,API timeout,Customer reported: API timeout. Detailed description and context provided.,Integration Issue,solved,normal,lisa.moore@company.com,Lisa Moore,james.jones@customer.com,James Jones,Enterprise Global,Product,2024-04-07 11:02:00,2024-04-07 18:02:00,2024-04-08 03:02:00,"bug,feature",16.0,2.71
500244,Permission configuration,Customer reported: Permission configuration. Detailed description and context provided.,Account Setup,open,high,mike.johnson@company.com,Mike Johnson,sarah.miller@customer.com,Sarah Miller,TechCorp Inc,Customer Success,2024-04-07 11:26:00,2024-04-08 18:26:00,,"bug,urgent,feature",,1.8
500369,API timeout,Customer reported: API timeout. Detailed description and context provided.,Integration Issue,solved,normal,michael.thompson@company.com,Michael Thompson,michael.williams@customer.com,Michael Williams,StartupXYZ,Technical Support,2024-04-07 11:48:00,2024-04-08 16:48:00,2024-04-08 18:48:00,training,31.0,4.79
500542,Team workspace creation,Customer reported: Team workspace creation. Detailed description and context provided.,Account Setup,open,high,laura.anderson@company.com,Laura Anderson,maria.brown@customer.com,Maria Brown,Enterprise Global,Customer Success,2024-04-07 11:53:00,2024-04-09 10:53:00,,"vip,onboarding,feature",,1.47
500977,Password reset not working,Customer reported: Password reset not working. Detailed description and context provided.,Login Problem,pending,normal,lisa.moore@company.com,Lisa Moore,emily.davis@customer.com,Emily Davis,InnovateCo,Billing,2024-04-07 12:07:00,2024-04-08 20:07:00,,"urgent,bug",,0.94
500947,Advanced filtering,Customer reported: Advanced filtering. Detailed description and context provided.,Feature Request,solved,high,lisa.moore@company.com,Lisa Moore,robert.jones@customer.com,Robert Jones,InnovateCo,Technical Support,2024-04-07 12:29:00,2024-04-09 03:29:00,2024-04-07 13:29:00,"vip,urgent,feature",1.0,1.55
500796,Custom reporting,Customer reported: Custom reporting. Detailed description and context provided.,Feature Request,solved,high,ryan.miller@company.com,Ryan Miller,sarah.martinez@customer.com,Sarah Martinez,StartupXYZ,Billing,2024-04-07 12:44:00,2024-04-10 11:44:00,2024-04-07 17:44:00,"feature,bug",5.0,3.77
500964,Search delays,Customer reported: Search delays. Detailed description and context provided.,Performance Issue,pending,normal,maria.hernandez@company.com,Maria Hernandez,lisa.brown@customer.com,Lisa Brown,StartupXYZ,Customer Success,2024-04-07 12:45:00,2024-04-08 22:45:00,,"onboarding,urgent,training",,1.51
500853,Rate limit exceeded,Customer reported: Rate limit exceeded. Detailed description and context provided.,API Question,solved,normal,chris.brown@company.com,Chris Brown,maria.brown@customer.com,Maria Brown,CloudSolutions Ltd,Technical Support,2024-04-07 12:45:00,2024-04-10 07:45:00,2024-04-08 12:45:00,"integration,onboarding,vip",24.0,6.8
500593,Endpoint documentation,Customer reported: Endpoint documentation. Detailed description and context provided.,API Question,open,high,kevin.wilson@company.com,Kevin Wilson,michael.garcia@customer.com,Michael Garcia,InnovateCo,Technical Support,2024-04-07 13:15:00,2024-04-08 14:15:00,,integration,,7.05
500629,Application crash on login,Customer reported: Application crash on login. Detailed description and context provided.,Bug Report,solved,normal,mike.johnson@company.com,Mike Johnson,james.martinez@customer.com,James Martinez,CloudSolutions Ltd,Technical Support,2024-04-07 13:23:00,2024-04-07 23:23:00,2024-04-08 19:23:00,escalated,30.0,7.68
500578,Cannot access account,Customer reported: Cannot access account. Detailed description and context provided.,Login Problem,solved,high,ryan.miller@company.com,Ryan Miller,emily.smith@customer.com,Emily Smith,Enterprise Global,Billing,2024-04-07 13:26:00,2024-04-10 01:26:00,2024-04-08 05:26:00,"training,bug",16.0,0.54
500058,Salesforce sync stopped,Customer reported: Salesforce sync stopped. Detailed description and context provided.,Integration Issue,solved,normal,sarah.williams@company.com,Sarah Williams,michael.davis@customer.com,Michael Davis,SmartBusiness Co,Technical Support,2024-04-07 13:38:00,2024-04-07 16:38:00,2024-04-09 12:38:00,"training,bug,vip",47.0,7.98
500321,Custom field setup,Customer reported: Custom field setup. Detailed description and context provided.,Configuration Help,solved,high,mike.johnson@company.com,Mike Johnson,sarah.williams@customer.com,Sarah Williams,Digital Dynamics,Technical Support,2024-04-07 14:51:00,2024-04-08 11:51:00,2024-04-08 03:51:00,"escalated,urgent,training",13.0,2.47
500181,Password reset not working,Customer reported: Password reset not working. Detailed description and context provided.,Login Problem,pending,high,laura.anderson@company.com,Laura Anderson,jennifer.garcia@customer.com,Jennifer Garcia,CloudSolutions Ltd,Technical Support,2024-04-07 14:55:00,2024-04-09 05:55:00,,"onboarding,bug",,6.01
500890,Refund request,Customer reported: Refund request. Detailed description and context provided.,Billing Inquiry,pending,normal,jennifer.garcia@company.com,Jennifer Garcia,robert.williams@customer.com,Robert Williams,MegaCorp Industries,Technical Support,2024-04-07 15:01:00,2024-04-10 06:01:00,,"vip,urgent,feature",,2.14
500549,Team workspace creation,Customer reported: Team workspace creation. Detailed description and context provided.,Account Setup,solved,low,mike.johnson@company.com,Mike Johnson,john.rodriguez@customer.com,John Rodriguez,DataFlow Systems,Technical Support,2024-04-07 15:57:00,2024-04-09 14:57:00,2024-04-08 02:57:00,onboarding,11.0,2.86
500786,Permission configuration,Customer reported: Permission configuration. Detailed description and context provided.,Account Setup,pending,normal,mike.johnson@company.com,Mike Johnson,maria.smith@customer.com,Maria Smith,CloudSolutions Ltd,Technical Support,2024-04-07 17:03:00,2024-04-08 03:03:00,,"vip,onboarding",,3.87
500450,Mobile app freeze,Customer reported: Mobile app freeze. Detailed description and context provided.,Bug Report,open,normal,david.rodriguez@company.com,David Rodriguez,michael.brown@customer.com,Michael Brown,FutureWorks LLC,Technical Support,2024-04-07 17:24:00,2024-04-10 08:24:00,,"bug,feature",,3.3
500070,Slack notifications failed,Customer reported: Slack notifications failed. Detailed description and context provided.,Integration Issue,pending,low,jennifer.garcia@company.com,Jennifer Garcia,sarah.davis@customer.com,Sarah Davis,StartupXYZ,Technical Support,2024-04-08 08:16:00,2024-04-10 20:16:00,,"integration,onboarding,feature",,5.68
500805,Webhook not firing,Customer reported: Webhook not firing. Detailed description and context provided.,Integration Issue,open,normal,chris.brown@company.com,Chris Brown,sarah.brown@customer.com,Sarah Brown,SmartBusiness Co,Billing,2024-04-08 08:47:00,2024-04-08 10:47:00,,"onboarding,integration",,3.46
500993,GDPR compliance,Customer reported: GDPR compliance. Detailed description and context provided.,Security Question,solved,normal,maria.hernandez@company.com,Maria Hernandez,jennifer.martinez@customer.com,Jennifer Martinez,Enterprise Global,Customer Success,2024-04-08 08:59:00,2024-04-10 10:59:00,2024-04-09 16:59:00,"training,feature",32.0,7.4
500635,Invoice discrepancy,Customer reported: Invoice discrepancy. Detailed description and context provided.,Billing Inquiry,solved,normal,lisa.moore@company.com,Lisa Moore,michael.brown@customer.com,Michael Brown,Enterprise Global,Customer Success,2024-04-08 09:11:00,2024-04-09 13:11:00,2024-04-09 00:11:00,"training,onboarding",15.0,7.35
500885,Salesforce sync stopped,Customer reported: Salesforce sync stopped. Detailed description and context provided.,Integration Issue,pending,normal,david.rodriguez@company.com,David Rodriguez,maria.miller@customer.com,Maria Miller,CloudSolutions Ltd,Customer Success,2024-04-08 09:13:00,2024-04-09 09:13:00,,"integration,bug,urgent",,3.55
500468,Custom field setup,Customer reported: Custom field setup. Detailed description and context provided.,Configuration Help,pending,high,jessica.martinez@company.com,Jessica Martinez,david.smith@customer.com,David Smith,MegaCorp Industries,Customer Success,2024-04-08 09:21:00,2024-04-09 03:21:00,,"feature,training,bug",,1.19
500996,GDPR compliance,Customer reported: GDPR compliance. Detailed description and context provided.,Security Question,solved,normal,laura.anderson@company.com,Laura Anderson,emily.brown@customer.com,Emily Brown,InnovateCo,Billing,2024-04-08 09:24:00,2024-04-10 13:24:00,2024-04-08 21:24:00,"feature,escalated,onboarding",12.0,5.44
500675,Audit log access,Customer reported: Audit log access. Detailed description and context provided.,Security Question,pending,normal,daniel.white@company.com,Daniel White,john.garcia@customer.com,John Garcia,InnovateCo,Billing,2024-04-08 09:42:00,2024-04-10 07:42:00,,feature,,2.64
500473,Webhook retry logic,Customer reported: Webhook retry logic. Detailed description and context provided.,API Question,pending,normal,sarah.williams@company.com,Sarah Williams,emily.smith@customer.com,Emily Smith,TechCorp Inc,Billing,2024-04-08 10:02:00,2024-04-11 02:02:00,,integration,,2.75
500252,Configure SSO,Customer reported: Configure SSO. Detailed description and context provided.,How-to Question,open,normal,emily.chen@company.com,Emily Chen,sarah.jones@customer.com,Sarah Jones,TechCorp Inc,Customer Success,2024-04-08 10:11:00,2024-04-10 07:11:00,,"urgent,vip",,6.9
500575,Refund request,Customer reported: Refund request. Detailed description and context provided.,Billing Inquiry,solved,normal,emily.chen@company.com,Emily Chen,sarah.jones@customer.com,Sarah Jones,FutureWorks LLC,Customer Success,2024-04-08 10:23:00,2024-04-09 13:23:00,2024-04-08 14:23:00,"training,vip,integration",4.0,1.95
500488,Create custom fields,Customer reported: Create custom fields. Detailed description and context provided.,How-to Question,solved,normal,jennifer.garcia@company.com,Jennifer Garcia,james.martinez@customer.com,James Martinez,DataFlow Systems,Customer Success,2024-04-08 10:43:00,2024-04-08 21:43:00,2024-04-08 21:43:00,"bug,urgent,training",11.0,7.81
500819,How to export data to CSV,Customer reported: How to export data to CSV. Detailed description and context provided.,How-to Question,solved,normal,ryan.miller@company.com,Ryan Miller,maria.martinez@customer.com,Maria Martinez,StartupXYZ,Billing,2024-04-08 10:44:00,2024-04-11 04:44:00,2024-04-08 19:44:00,"training,feature,bug",9.0,3.79
500952,Bulk data retrieval,Customer reported: Bulk data retrieval. Detailed description and context provided.,Data Export,solved,normal,daniel.white@company.com,Daniel White,emily.davis@customer.com,Emily Davis,MegaCorp Industries,Billing,2024-04-08 10:48:00,2024-04-08 22:48:00,2024-04-10 04:48:00,"urgent,onboarding",42.0,1.29
500978,Rate limit exceeded,Customer reported: Rate limit exceeded. Detailed description and context provided.,API Question,pending,high,jennifer.garcia@company.com,Jennifer Garcia,lisa.rodriguez@customer.com,Lisa Rodriguez,FutureWorks LLC,Billing,2024-04-08 10:51:00,2024-04-08 23:51:00,,"escalated,training,integration",,5.32
500064,Page load errors,Customer reported: Page load errors. Detailed description and context provided.,Performance Issue,solved,high,tom.anderson@company.com,Tom Anderson,lisa.brown@customer.com,Lisa Brown,InnovateCo,Product,2024-04-08 10:55:00,2024-04-11 09:55:00,2024-04-09 04:55:00,"escalated,vip,feature",18.0,0.83
500471,Slack notifications failed,Customer reported: Slack notifications failed. Detailed description and context provided.,Integration Issue,solved,normal,jessica.martinez@company.com,Jessica Martinez,james.miller@customer.com,James Miller,CloudSolutions Ltd,Technical Support,2024-04-08 10:55:00,2024-04-10 16:55:00,2024-04-09 18:55:00,"vip,training,escalated",32.0,2.77
500059,Bulk edit capability,Customer reported: Bulk edit capability. Detailed description and context provided.,Feature Request,solved,normal,jennifer.garcia@company.com,Jennifer Garcia,lisa.miller@customer.com,Lisa Miller,Digital Dynamics,Customer Success,2024-04-08 11:05:00,2024-04-10 05:05:00,2024-04-10 09:05:00,"escalated,training",46.0,6.2
500480,Endpoint documentation,Customer reported: Endpoint documentation. Detailed description and context provided.,API Question,solved,normal,kevin.wilson@company.com,Kevin Wilson,michael.jones@customer.com,Michael Jones,TechCorp Inc,Customer Success,2024-04-08 11:22:00,2024-04-10 20:22:00,2024-04-10 05:22:00,"vip,training,escalated",42.0,6.93
500464,Configure SSO,Customer reported: Configure SSO. Detailed description and context provided.,How-to Question,open,high,amanda.taylor@company.com,Amanda Taylor,david.davis@customer.com,David Davis,CloudSolutions Ltd,Technical Support,2024-04-08 11:23:00,2024-04-08 18:23:00,,"bug,onboarding,integration",,2.64
500747,Bulk data retrieval,Customer reported: Bulk data retrieval. Detailed description and context provided.,Data Export,solved,high,sarah.williams@company.com,Sarah Williams,maria.miller@customer.com,Maria Miller,InnovateCo,Customer Success,2024-04-08 11:31:00,2024-04-10 21:31:00,2024-04-08 17:31:00,"urgent,bug,training",6.0,5.33
500923,Mobile app freeze,Customer reported: Mobile app freeze. Detailed description and context provided.,Bug Report,solved,normal,nicole.davis@company.com,Nicole Davis,john.rodriguez@customer.com,John Rodriguez,StartupXYZ,Billing,2024-04-08 11:51:00,2024-04-11 05:51:00,2024-04-09 14:51:00,"training,bug,integration",27.0,3.0
500888,SLA configuration,Customer reported: SLA configuration. Detailed description and context provided.,Configuration Help,pending,normal,patricia.clark@company.com,Patricia Clark,david.miller@customer.com,David Miller,TechCorp Inc,Customer Success,2024-04-08 11:54:00,2024-04-09 09:54:00,,"vip,onboarding,feature",,4.71
500918,Audit log access,Customer reported: Audit log access. Detailed description and context provided.,Security Question,solved,normal,jennifer.garcia@company.com,Jennifer Garcia,maria.davis@customer.com,Maria Davis,TechCorp Inc,Technical Support,2024-04-08 11:54:00,2024-04-09 08:54:00,2024-04-09 11:54:00,"escalated,onboarding,training",24.0,4.15
500282,GDPR compliance,Customer reported: GDPR compliance. Detailed description and context provided.,Security Question,solved,low,laura.anderson@company.com,Laura Anderson,sarah.miller@customer.com,Sarah Miller,FutureWorks LLC,Billing,2024-04-08 11:59:00,2024-04-09 10:59:00,2024-04-09 17:59:00,"onboarding,integration,feature",30.0,3.64
500568,Rate limit exceeded,Customer reported: Rate limit exceeded. Detailed description and context provided.,API Question,solved,normal,amanda.taylor@company.com,Amanda Taylor,emily.rodriguez@customer.com,Emily Rodriguez,CloudSolutions Ltd,Billing,2024-04-08 12:01:00,2024-04-08 15:01:00,2024-04-09 09:01:00,"escalated,feature",21.0,1.13
500388,Advanced filtering,Customer reported: Advanced filtering. Detailed description and context provided.,Feature Request,solved,high,mike.johnson@company.com,Mike Johnson,lisa.williams@customer.com,Lisa Williams,DataFlow Systems,Customer Success,2024-04-08 12:01:00,2024-04-09 14:01:00,2024-04-09 03:01:00,vip,15.0,5.8
500769,Permission configuration,Customer reported: Permission configuration. Detailed description and context provided.,Account Setup,solved,high,daniel.white@company.com,Daniel White,john.miller@customer.com,John Miller,StartupXYZ,Technical Support,2024-04-08 12:02:00,2024-04-09 04:02:00,2024-04-08 14:02:00,"urgent,training,bug",2.0,1.53
500115,API timeout,Customer reported: API timeout. Detailed description and context provided.,Integration Issue,solved,high,jessica.martinez@company.com,Jessica Martinez,robert.davis@customer.com,Robert Davis,Enterprise Global,Technical Support,2024-04-08 12:02:00,2024-04-08 18:02:00,2024-04-08 23:02:00,feature,11.0,2.65
500914,Password reset not working,Customer reported: Password reset not working. Detailed description and context provided.,Login Problem,pending,high,sarah.williams@company.com,Sarah Williams,emily.miller@customer.com,Emily Miller,CloudSolutions Ltd,Technical Support,2024-04-08 12:06:00,2024-04-09 08:06:00,,bug,,2.94
500810,Session timeout,Customer reported: Session timeout. Detailed description and context provided.,Login Problem,solved,normal,laura.anderson@company.com,Laura Anderson,sarah.miller@customer.com,Sarah Miller,Enterprise Global,Product,2024-04-08 12:07:00,2024-04-10 06:07:00,2024-04-10 04:07:00,urgent,40.0,2.95
500236,How to export data to CSV,Customer reported: How to export data to CSV. Detailed description and context provided.,How-to Question,solved,normal,michael.thompson@company.com,Michael Thompson,lisa.davis@customer.com,Lisa Davis,TechCorp Inc,Customer Success,2024-04-08 12:09:00,2024-04-10 09:09:00,2024-04-09 12:09:00,"feature,vip",24.0,5.7
500872,Refund request,Customer reported: Refund request. Detailed description and context provided.,Billing Inquiry,solved,normal,lisa.moore@company.com,Lisa Moore,james.davis@customer.com,James Davis,InnovateCo,Technical Support,2024-04-08 12:10:00,2024-04-10 15:10:00,2024-04-10 12:10:00,escalated,48.0,1.46
500054,CSV contains corrupted files,Customer reported: CSV contains corrupted files. Detailed description and context provided.,Data Export,open,low,lisa.moore@company.com,Lisa Moore,maria.johnson@customer.com,Maria Johnson,InnovateCo,Billing,2024-04-08 12:19:00,2024-04-10 04:19:00,,"feature,bug,onboarding",,1.11
500275,CSV contains corrupted files,Customer reported: CSV contains corrupted files. Detailed description and context provided.,Data Export,pending,high,emily.chen@company.com,Emily Chen,john.williams@customer.com,John Williams,SmartBusiness Co,Billing,2024-04-08 12:22:00,2024-04-11 12:22:00,,"training,escalated",,1.74
500007,Slack notifications failed,Customer reported: Slack notifications failed. Detailed description and context provided.,Integration Issue,open,high,amanda.taylor@company.com,Amanda Taylor,emily.rodriguez@customer.com,Emily Rodriguez,SmartBusiness Co,Billing,2024-04-08 12:25:00,2024-04-09 07:25:00,,"escalated,integration",,3.5
500726,GDPR compliance,Customer reported: GDPR compliance. Detailed description and context provided.,Security Question,open,normal,maria.hernandez@company.com,Maria Hernandez,james.rodriguez@customer.com,James Rodriguez,CloudSolutions Ltd,Billing,2024-04-08 12:40:00,2024-04-09 16:40:00,,"escalated,vip,bug",,2.07
500895,Authentication error,Customer reported: Authentication error. Detailed description and context provided.,API Question,solved,normal,sarah.williams@company.com,Sarah Williams,michael.davis@customer.com,Michael Davis,StartupXYZ,Technical Support,2024-04-08 12:43:00,2024-04-10 14:43:00,2024-04-10 03:43:00,"feature,vip,training",39.0,7.53
500156,Payment method update,Customer reported: Payment method update. Detailed description and context provided.,Billing Inquiry,pending,normal,david.rodriguez@company.com,David Rodriguez,jennifer.garcia@customer.com,Jennifer Garcia,CloudSolutions Ltd,Product,2024-04-08 12:43:00,2024-04-10 13:43:00,,"feature,onboarding",,6.24
500279,Bulk edit capability,Customer reported: Bulk edit capability. Detailed description and context provided.,Feature Request,pending,high,chris.brown@company.com,Chris Brown,john.garcia@customer.com,John Garcia,StartupXYZ,Product,2024-04-08 12:45:00,2024-04-09 03:45:00,,"integration,training,escalated",,3.3
500404,How to export data to CSV,Customer reported: How to export data to CSV. Detailed description and context provided.,How-to Question,open,normal,michael.thompson@company.com,Michael Thompson,robert.williams@customer.com,Robert Williams,InnovateCo,Billing,2024-04-08 12:46:00,2024-04-10 06:46:00,,"urgent,feature,escalated",,5.85
500075,Setup API integration,Customer reported: Setup API integration. Detailed description and context provided.,How-to Question,solved,low,mike.johnson@company.com,Mike Johnson,james.rodriguez@customer.com,James Rodriguez,StartupXYZ,Technical Support,2024-04-08 12:51:00,2024-04-11 00:51:00,2024-04-09 05:51:00,escalated,17.0,0.6
500453,Salesforce sync stopped,Customer reported: Salesforce sync stopped. Detailed description and context provided.,Integration Issue,open,high,patricia.clark@company.com,Patricia Clark,james.brown@customer.com,James Brown,InnovateCo,Technical Support,2024-04-08 12:55:00,2024-04-11 00:55:00,,"escalated,integration",,2.17
500765,SLA configuration,Customer reported: SLA configuration. Detailed description and context provided.,Configuration Help,pending,high,jessica.martinez@company.com,Jessica Martinez,sarah.jones@customer.com,Sarah Jones,SmartBusiness Co,Technical Support,2024-04-08 13:00:00,2024-04-11 08:00:00,,"urgent,vip,feature",,6.92
500932,2FA issues,Customer reported: 2FA issues. Detailed description and context provided.,Login Problem,solved,high,tom.anderson@company.com,Tom Anderson,sarah.miller@customer.com,Sarah Miller,Enterprise Global,Billing,2024-04-08 13:01:00,2024-04-09 02:01:00,2024-04-09 01:01:00,vip,12.0,5.38
500438,How to export data to CSV,Customer reported: How to export data to CSV. Detailed description and context provided.,How-to Question,open,normal,patricia.clark@company.com,Patricia Clark,emily.smith@customer.com,Emily Smith,FutureWorks LLC,Customer Success,2024-04-08 13:05:00,2024-04-09 14:05:00,,training,,3.42
500693,Scheduled export,Customer reported: Scheduled export. Detailed description and context provided.,Data Export,solved,normal,tom.anderson@company.com,Tom Anderson,michael.jones@customer.com,Michael Jones,TechCorp Inc,Sales,2024-04-08 13:05:00,2024-04-09 12:05:00,2024-04-09 05:05:00,"bug,vip",16.0,6.63
500722,Slack notifications failed,Customer reported: Slack notifications failed. Detailed description and context provided.,Integration Issue,solved,low,maria.hernandez@company.com,Maria Hernandez,sarah.williams@customer.com,Sarah Williams,DataFlow Systems,Sales,2024-04-08 13:13:00,2024-04-10 20:13:00,2024-04-10 07:13:00,"escalated,urgent",42.0,2.74
500351,How to export data to CSV,Customer reported: How to export data to CSV. Detailed description and context provided.,How-to Question,pending,normal,robert.lee@company.com,Robert Lee,robert.rodriguez@customer.com,Robert Rodriguez,DataFlow Systems,Product,2024-04-08 13:24:00,2024-04-10 07:24:00,,"training,onboarding",,2.74
500452,Setup API integration,Customer reported: Setup API integration. Detailed description and context provided.,How-to Question,solved,normal,lisa.moore@company.com,Lisa Moore,maria.rodriguez@customer.com,Maria Rodriguez,InnovateCo,Product,2024-04-08 13:26:00,2024-04-10 03:26:00,2024-04-10 07:26:00,escalated,42.0,6.93
500164,Webhook retry logic,Customer reported: Webhook retry logic. Detailed description and context provided.,API Question,pending,normal,patricia.clark@company.com,Patricia Clark,jennifer.johnson@customer.com,Jennifer Johnson,Digital Dynamics,Billing,2024-04-08 13:34:00,2024-04-10 12:34:00,,"feature,bug",,2.85
500485,Page load errors,Customer reported: Page load errors. Detailed description and context provided.,Performance Issue,open,normal,robert.lee@company.com,Robert Lee,emily.rodriguez@customer.com,Emily Rodriguez,InnovateCo,Technical Support,2024-04-08 13:43:00,2024-04-10 11:43:00,,"vip,escalated",,7.88
500587,Bulk data retrieval,Customer reported: Bulk data retrieval. Detailed description and context provided.,Data Export,pending,normal,mike.johnson@company.com,Mike Johnson,james.garcia@customer.com,James Garcia,CloudSolutions Ltd,Billing,2024-04-08 13:44:00,2024-04-10 08:44:00,,training,,7.07
500451,Password reset not working,Customer reported: Password reset not working. Detailed description and context provided.,Login Problem,solved,normal,robert.lee@company.com,Robert Lee,john.martinez@customer.com,John Martinez,TechCorp Inc,Billing,2024-04-08 13:46:00,2024-04-10 00:46:00,2024-04-09 05:46:00,"bug,urgent",16.0,6.89
500217,Webhook retry logic,Customer reported: Webhook retry logic. Detailed description and context provided.,API Question,solved,high,james.taylor@company.com,James Taylor,john.garcia@customer.com,John Garcia,InnovateCo,Technical Support,2024-04-08 13:55:00,2024-04-10 07:55:00,2024-04-08 16:55:00,"integration,onboarding",3.0,5.17
500010,Authentication error,Customer reported: Authentication error. Detailed description and context provided.,API Question,open,low,chris.brown@company.com,Chris Brown,robert.johnson@customer.com,Robert Johnson,Enterprise Global,Technical Support,2024-04-08 14:00:00,2024-04-10 00:00:00,,"feature,vip,bug",,6.22
500933,Dashboard not loading,Customer reported: Dashboard not loading. Detailed description and context provided.,Bug Report,open,normal,sarah.williams@company.com,Sarah Williams,emily.williams@customer.com,Emily Williams,FutureWorks LLC,Sales,2024-04-08 14:01:00,2024-04-10 08:01:00,,bug,,4.39
500392,Export format options,Customer reported: Export format options. Detailed description and context provided.,Data Export,pending,normal,tom.anderson@company.com,Tom Anderson,john.williams@customer.com,John Williams,CloudSolutions Ltd,Billing,2024-04-08 14:05:00,2024-04-10 02:05:00,,onboarding,,0.78
500721,Setup API integration,Customer reported: Setup API integration. Detailed description and context provided.,How-to Question,solved,normal,jennifer.garcia@company.com,Jennifer Garcia,lisa.martinez@customer.com,Lisa Martinez,TechCorp Inc,Technical Support,2024-04-08 14:07:00,2024-04-09 10:07:00,2024-04-10 00:07:00,"escalated,urgent,bug",34.0,6.42
500383,Page load errors,Customer reported: Page load errors. Detailed description and context provided.,Performance Issue,solved,high,james.taylor@company.com,James Taylor,jennifer.williams@customer.com,Jennifer Williams,CloudSolutions Ltd,Product,2024-04-08 14:08:00,2024-04-10 14:08:00,2024-04-08 20:08:00,feature,6.0,0.74
500470,Email template,Customer reported: Email template. Detailed description and context provided.,Configuration Help,pending,normal,maria.hernandez@company.com,Maria Hernandez,james.williams@customer.com,James Williams,MegaCorp Industries,Product,2024-04-08 14:20:00,2024-04-08 22:20:00,,"escalated,bug",,0.59
500187,Advanced filtering,Customer reported: Advanced filtering. Detailed description and context provided.,Feature Request,solved,normal,lisa.moore@company.com,Lisa Moore,john.johnson@customer.com,John Johnson,TechCorp Inc,Customer Success,2024-04-08 14:22:00,2024-04-11 00:22:00,2024-04-09 14:22:00,"vip,onboarding",24.0,6.5
500349,How to export data to CSV,Customer reported: How to export data to CSV. Detailed description and context provided.,How-to Question,solved,high,patricia.clark@company.com,Patricia Clark,david.miller@customer.com,David Miller,DataFlow Systems,Technical Support,2024-04-08 14:23:00,2024-04-10 09:23:00,2024-04-08 17:23:00,"training,vip,escalated",3.0,7.22
500218,Payment method update,Customer reported: Payment method update. Detailed description and context provided.,Billing Inquiry,solved,normal,nicole.davis@company.com,Nicole Davis,john.miller@customer.com,John Miller,TechCorp Inc,Customer Success,2024-04-08 14:23:00,2024-04-09 16:23:00,2024-04-10 04:23:00,onboarding,38.0,5.27
500183,SLA configuration,Customer reported: SLA configuration. Detailed description and context provided.,Configuration Help,solved,high,mike.johnson@company.com,Mike Johnson,michael.jones@customer.com,Michael Jones,InnovateCo,Billing,2024-04-08 14:45:00,2024-04-08 23:45:00,2024-04-09 04:45:00,"bug,onboarding",14.0,3.67
500573,Mobile app freeze,Customer reported: Mobile app freeze. Detailed description and context provided.,Bug Report,solved,normal,sarah.williams@company.com,Sarah Williams,sarah.garcia@customer.com,Sarah Garcia,MegaCorp Industries,Sales,2024-04-08 14:48:00,2024-04-09 00:48:00,2024-04-10 04:48:00,"onboarding,feature,vip",38.0,6.79
500830,Permission configuration,Customer reported: Permission configuration. Detailed description and context provided.,Account Setup,pending,high,robert.lee@company.com,Robert Lee,sarah.brown@customer.com,Sarah Brown,DataFlow Systems,Technical Support,2024-04-08 14:50:00,2024-04-11 12:50:00,,"escalated,feature",,2.94
500750,CSV contains corrupted files,Customer reported: CSV contains corrupted files. Detailed description and context provided.,Data Export,pending,low,maria.hernandez@company.com,Maria Hernandez,john.brown@customer.com,John Brown,TechCorp Inc,Technical Support,2024-04-08 14:54:00,2024-04-10 14:54:00,,bug,,1.29
500071,Refund request,Customer reported: Refund request. Detailed description and context provided.,Billing Inquiry,solved,low,nicole.davis@company.com,Nicole Davis,maria.garcia@customer.com,Maria Garcia,FutureWorks LLC,Customer Success,2024-04-08 14:54:00,2024-04-11 04:54:00,2024-04-09 11:54:00,"integration,urgent",21.0,7.83
500756,Invoice discrepancy,Customer reported: Invoice discrepancy. Detailed description and context provided.,Billing Inquiry,pending,normal,jennifer.garcia@company.com,Jennifer Garcia,david.miller@customer.com,David Miller,CloudSolutions Ltd,Customer Success,2024-04-08 14:55:00,2024-04-10 18:55:00,,"integration,escalated,training",,5.36
500596,Export format options,Customer reported: Export format options. Detailed description and context provided.,Data Export,solved,normal,patricia.clark@company.com,Patricia Clark,lisa.jones@customer.com,Lisa Jones,SmartBusiness Co,Billing,2024-04-08 14:55:00,2024-04-10 21:55:00,2024-04-09 18:55:00,bug,28.0,6.14
500310,Team workspace creation,Customer reported: Team workspace creation. Detailed description and context provided.,Account Setup,pending,normal,nicole.davis@company.com,Nicole Davis,emily.johnson@customer.com,Emily Johnson,SmartBusiness Co,Technical Support,2024-04-08 14:56:00,2024-04-09 08:56:00,,"integration,vip,escalated",,1.9
500066,How to export data to CSV,Customer reported: How to export data to CSV. Detailed description and context provided.,How-to Question,solved,normal,emily.chen@company.com,Emily Chen,jennifer.jones@customer.com,Jennifer Jones,StartupXYZ,Product,2024-04-08 15:06:00,2024-04-10 20:06:00,2024-04-10 12:06:00,"escalated,onboarding,urgent",45.0,6.89
500683,2FA issues,Customer reported: 2FA issues. Detailed description and context provided.,Login Problem,open,high,sarah.williams@company.com,Sarah Williams,david.johnson@customer.com,David Johnson,DataFlow Systems,Billing,2024-04-08 15:17:00,2024-04-11 06:17:00,,"urgent,onboarding,integration",,6.28
500904,Custom field setup,Customer reported: Custom field setup. Detailed description and context provided.,Configuration Help,solved,high,tom.anderson@company.com,Tom Anderson,lisa.brown@customer.com,Lisa Brown,Enterprise Global,Billing,2024-04-08 15:41:00,2024-04-10 16:41:00,2024-04-08 16:41:00,feature,1.0,1.63
500467,Data export fails,Customer reported: Data export fails. Detailed description and context provided.,Bug Report,solved,normal,ryan.miller@company.com,Ryan Miller,david.davis@customer.com,David Davis,Enterprise Global,Technical Support,2024-04-08 15:49:00,2024-04-10 08:49:00,2024-04-09 04:49:00,"bug,escalated,integration",13.0,5.96
500639,Application crash on login,Customer reported: Application crash on login. Detailed description and context provided.,Bug Report,pending,high,amanda.taylor@company.com,Amanda Taylor,robert.jones@customer.com,Robert Jones,InnovateCo,Product,2024-04-08 15:55:00,2024-04-09 09:55:00,,"training,integration",,5.65
500400,Create custom fields,Customer reported: Create custom fields. Detailed description and context provided.,How-to Question,solved,normal,laura.anderson@company.com,Laura Anderson,robert.garcia@customer.com,Robert Garcia,Digital Dynamics,Technical Support,2024-04-08 15:58:00,2024-04-09 09:58:00,2024-04-10 01:58:00,"urgent,escalated",34.0,4.41
500717,Custom reporting,Customer reported: Custom reporting. Detailed description and context provided.,Feature Request,pending,normal,chris.brown@company.com,Chris Brown,john.garcia@customer.com,John Garcia,Enterprise Global,Technical Support,2024-04-08 16:16:00,2024-04-09 10:16:00,,"escalated,training",,5.15
500811,Slack notifications failed,Customer reported: Slack notifications failed. Detailed description and context provided.,Integration Issue,pending,normal,ryan.miller@company.com,Ryan Miller,maria.smith@customer.com,Maria Smith,DataFlow Systems,Sales,2024-04-08 16:18:00,2024-04-08 22:18:00,,"feature,escalated,bug",,4.33
500298,Authentication error,Customer reported: Authentication error. Detailed description and context provided.,API Question,solved,high,robert.lee@company.com,Robert Lee,michael.miller@customer.com,Michael Miller,SmartBusiness Co,Technical Support,2024-04-08 16:24:00,2024-04-11 05:24:00,2024-04-08 22:24:00,"bug,training",6.0,5.58
500243,Custom field setup,Customer reported: Custom field setup. Detailed description and context provided.,Configuration Help,solved,high,mike.johnson@company.com,Mike Johnson,sarah.garcia@customer.com,Sarah Garcia,SmartBusiness Co,Technical Support,2024-04-08 16:29:00,2024-04-09 12:29:00,2024-04-09 15:29:00,"feature,integration",23.0,0.96
500415,Subscription upgrade,Customer reported: Subscription upgrade. Detailed description and context provided.,Billing Inquiry,solved,high,james.taylor@company.com,James Taylor,david.martinez@customer.com,David Martinez,Enterprise Global,Customer Success,2024-04-08 16:34:00,2024-04-11 02:34:00,2024-04-08 23:34:00,"onboarding,urgent",7.0,4.87
500191,CSV contains corrupted files,Customer reported: CSV contains corrupted files. Detailed description and context provided.,Data Export,solved,high,chris.brown@company.com,Chris Brown,michael.garcia@customer.com,Michael Garcia,DataFlow Systems,Technical Support,2024-04-08 16:39:00,2024-04-10 07:39:00,2024-04-09 12:39:00,integration,20.0,1.38
500458,GDPR compliance,Customer reported: GDPR compliance. Detailed description and context provided.,Security Question,solved,normal,jessica.martinez@company.com,Jessica Martinez,michael.garcia@customer.com,Michael Garcia,InnovateCo,Billing,2024-04-08 16:39:00,2024-04-09 01:39:00,2024-04-10 07:39:00,"vip,onboarding,feature",39.0,6.03
500702,Setup API integration,Customer reported: Setup API integration. Detailed description and context provided.,How-to Question,open,high,kevin.wilson@company.com,Kevin Wilson,james.miller@customer.com,James Miller,SmartBusiness Co,Technical Support,2024-04-08 16:44:00,2024-04-10 11:44:00,,"training,integration",,4.52
500557,Domain setup,Customer reported: Domain setup. Detailed description and context provided.,Account Setup,open,high,mike.johnson@company.com,Mike Johnson,michael.rodriguez@customer.com,Michael Rodriguez,SmartBusiness Co,Technical Support,2024-04-08 16:46:00,2024-04-09 09:46:00,,feature,,3.92
500522,Dashboard not loading,Customer reported: Dashboard not loading. Detailed description and context provided.,Bug Report,open,high,tom.anderson@company.com,Tom Anderson,michael.smith@customer.com,Michael Smith,InnovateCo,Billing,2024-04-08 16:48:00,2024-04-11 01:48:00,,urgent,,4.03
500023,Email template,Customer reported: Email template. Detailed description and context provided.,Configuration Help,solved,normal,mike.johnson@company.com,Mike Johnson,sarah.williams@customer.com,Sarah Williams,Enterprise Global,Technical Support,2024-04-08 16:53:00,2024-04-11 12:53:00,2024-04-08 20:53:00,vip,4.0,6.07
500864,Scheduled export,Customer reported: Scheduled export. Detailed description and context provided.,Data Export,pending,high,kevin.wilson@company.com,Kevin Wilson,michael.rodriguez@customer.com,Michael Rodriguez,FutureWorks LLC,Customer Success,2024-04-08 16:53:00,2024-04-08 21:53:00,,escalated,,3.1
500999,GDPR compliance,Customer reported: GDPR compliance. Detailed description and context provided.,Security Question,pending,normal,mike.johnson@company.com,Mike Johnson,james.martinez@customer.com,James Martinez,InnovateCo,Technical Support,2024-04-08 17:01:00,2024-04-10 04:01:00,,escalated,,2.87
500731,Password reset not working,Customer reported: Password reset not working. Detailed description and context provided.,Login Problem,solved,high,tom.anderson@company.com,Tom Anderson,robert.jones@customer.com,Robert Jones,Enterprise Global,Customer Success,2024-04-08 17:07:00,2024-04-10 20:07:00,2024-04-08 18:07:00,"integration,bug,feature",1.0,5.55
500190,Scheduled export,Customer reported: Scheduled export. Detailed description and context provided.,Data Export,solved,low,amanda.taylor@company.com,Amanda Taylor,maria.miller@customer.com,Maria Miller,FutureWorks LLC,Technical Support,2024-04-08 17:07:00,2024-04-11 13:07:00,2024-04-10 17:07:00,onboarding,48.0,3.14
500019,IP whitelist setup,Customer reported: IP whitelist setup. Detailed description and context provided.,Security Question,solved,normal,ryan.miller@company.com,Ryan Miller,lisa.smith@customer.com,Lisa Smith,TechCorp Inc,Technical Support,2024-04-08 17:09:00,2024-04-09 01:09:00,2024-04-10 10:09:00,"training,integration,escalated",41.0,1.68
500167,Rate limit exceeded,Customer reported: Rate limit exceeded. Detailed description and context provided.,API Question,open,normal,michael.thompson@company.com,Michael Thompson,sarah.smith@customer.com,Sarah Smith,TechCorp Inc,Customer Success,2024-04-08 17:11:00,2024-04-09 01:11:00,,"bug,escalated",,5.23
500272,Report generation timeout,Customer reported: Report generation timeout. Detailed description and context provided.,Performance Issue,pending,high,daniel.white@company.com,Daniel White,sarah.williams@customer.com,Sarah Williams,TechCorp Inc,Billing,2024-04-08 17:17:00,2024-04-11 07:17:00,,vip,,3.62
500018,Slow dashboard load,Customer reported: Slow dashboard load. Detailed description and context provided.,Performance Issue,solved,normal,james.taylor@company.com,James Taylor,james.jones@customer.com,James Jones,Digital Dynamics,Product,2024-04-08 17:30:00,2024-04-09 01:30:00,2024-04-09 07:30:00,"escalated,onboarding",14.0,7.68
500338,Page load errors,Customer reported: Page load errors. Detailed description and context provided.,Performance Issue,open,low,michael.thompson@company.com,Michael Thompson,sarah.johnson@customer.com,Sarah Johnson,CloudSolutions Ltd,Technical Support,2024-04-08 17:40:00,2024-04-10 13:40:00,,"feature,bug",,2.88
500342,Data export fails,Customer reported: Data export fails. Detailed description and context provided.,Bug Report,solved,normal,michael.thompson@company.com,Michael Thompson,lisa.davis@customer.com,Lisa Davis,Digital Dynamics,Billing,2024-04-08 17:40:00,2024-04-09 15:40:00,2024-04-08 22:40:00,"integration,training,feature",5.0,1.51
500267,Slow dashboard load,Customer reported: Slow dashboard load. Detailed description and context provided.,Performance Issue,solved,high,kevin.wilson@company.com,Kevin Wilson,robert.jones@customer.com,Robert Jones,FutureWorks LLC,Customer Success,2024-04-08 17:44:00,2024-04-08 19:44:00,2024-04-09 03:44:00,"bug,feature,urgent",10.0,4.34
500290,Email template,Customer reported: Email template. Detailed description and context provided.,Configuration Help,open,normal,jessica.martinez@company.com,Jessica Martinez,jennifer.martinez@customer.com,Jennifer Martinez,SmartBusiness Co,Product,2024-04-08 17:45:00,2024-04-09 00:45:00,,"vip,escalated",,5.81
500931,Report generation timeout,Customer reported: Report generation timeout. Detailed description and context provided.,Performance Issue,pending,high,kevin.wilson@company.com,Kevin Wilson,emily.johnson@customer.com,Emily Johnson,SmartBusiness Co,Billing,2024-04-08 17:47:00,2024-04-10 10:47:00,,"training,bug",,4.32
500561,Scheduled export,Customer reported: Scheduled export. Detailed description and context provided.,Data Export,solved,normal,emily.chen@company.com,Emily Chen,james.brown@customer.com,James Brown,MegaCorp Industries,Billing,2024-04-08 17:48:00,2024-04-10 11:48:00,2024-04-09 02:48:00,"urgent,onboarding",9.0,7.18
500250,How to export data to CSV,Customer reported: How to export data to CSV. Detailed description and context provided.,How-to Question,solved,normal,nicole.davis@company.com,Nicole Davis,david.rodriguez@customer.com,David Rodriguez,MegaCorp Industries,Billing,2024-04-08 17:48:00,2024-04-09 01:48:00,2024-04-10 05:48:00,urgent,36.0,1.8
500948,Create custom fields,Customer reported: Create custom fields. Detailed description and context provided.,How-to Question,solved,low,lisa.moore@company.com,Lisa Moore,james.martinez@customer.com,James Martinez,InnovateCo,Sales,2024-04-08 17:52:00,2024-04-10 01:52:00,2024-04-11 03:52:00,onboarding,58.0,1.03
500782,Authentication error,Customer reported: Authentication error. Detailed description and context provided.,API Question,pending,normal,emily.chen@company.com,Emily Chen,lisa.rodriguez@customer.com,Lisa Rodriguez,MegaCorp Industries,Customer Success,2024-04-08 17:56:00,2024-04-10 15:56:00,,"vip,training,onboarding",,1.64
500771,Slow dashboard load,Customer reported: Slow dashboard load. Detailed description and context provided.,Performance Issue,solved,high,chris.brown@company.com,Chris Brown,david.jones@customer.com,David Jones,FutureWorks LLC,Billing,2024-04-08 17:59:00,2024-04-10 19:59:00,2024-04-09 07:59:00,"bug,integration",14.0,3.77
500878,Slow dashboard load,Customer reported: Slow dashboard load. Detailed description and context provided.,Performance Issue,solved,normal,kevin.wilson@company.com,Kevin Wilson,michael.smith@customer.com,Michael Smith,StartupXYZ,Technical Support,2024-04-09 08:23:00,2024-04-11 15:23:00,2024-04-10 22:23:00,"integration,vip,training",38.0,6.6
500069,Custom reporting,Customer reported: Custom reporting. Detailed description and context provided.,Feature Request,solved,high,ryan.miller@company.com,Ryan Miller,maria.brown@customer.com,Maria Brown,Digital Dynamics,Technical Support,2024-04-09 08:26:00,2024-04-10 06:26:00,2024-04-09 14:26:00,"bug,vip,feature",6.0,5.28
500020,Slow dashboard load,Customer reported: Slow dashboard load. Detailed description and context provided.,Performance Issue,open,high,jessica.martinez@company.com,Jessica Martinez,maria.brown@customer.com,Maria Brown,FutureWorks LLC,Technical Support,2024-04-09 09:05:00,2024-04-10 16:05:00,,"urgent,integration,training",,3.64
500479,Rate limit exceeded,Customer reported: Rate limit exceeded. Detailed description and context provided.,API Question,pending,high,mike.johnson@company.com,Mike Johnson,james.davis@customer.com,James Davis,DataFlow Systems,Technical Support,2024-04-09 09:14:00,2024-04-12 05:14:00,,bug,,7.43
500969,CSV contains corrupted files,Customer reported: CSV contains corrupted files. Detailed description and context provided.,Data Export,solved,normal,chris.brown@company.com,Chris Brown,lisa.martinez@customer.com,Lisa Martinez,DataFlow Systems,Sales,2024-04-09 09:26:00,2024-04-11 02:26:00,2024-04-09 13:26:00,vip,4.0,4.47
500777,Webhook not firing,Customer reported: Webhook not firing. Detailed description and context provided.,Integration Issue,open,normal,jennifer.garcia@company.com,Jennifer Garcia,john.davis@customer.com,John Davis,FutureWorks LLC,Technical Support,2024-04-09 09:47:00,2024-04-10 05:47:00,,"feature,urgent,escalated",,0.5
500728,Authentication error,Customer reported: Authentication error. Detailed description and context provided.,API Question,solved,low,jessica.martinez@company.com,Jessica Martinez,robert.miller@customer.com,Robert Miller,MegaCorp Industries,Technical Support,2024-04-09 09:48:00,2024-04-11 09:48:00,2024-04-10 15:48:00,"escalated,onboarding",30.0,2.62
500823,Authentication error,Customer reported: Authentication error. Detailed description and context provided.,API Question,solved,high,david.rodriguez@company.com,David Rodriguez,john.davis@customer.com,John Davis,TechCorp Inc,Billing,2024-04-09 09:48:00,2024-04-09 15:48:00,2024-04-10 03:48:00,"feature,bug",18.0,7.56
500780,Permission configuration,Customer reported: Permission configuration. Detailed description and context provided.,Account Setup,solved,normal,david.rodriguez@company.com,David Rodriguez,david.miller@customer.com,David Miller,MegaCorp Industries,Billing,2024-04-09 10:12:00,2024-04-09 23:12:00,2024-04-11 03:12:00,"vip,feature,escalated",41.0,6.6
500014,Dark mode support,Customer reported: Dark mode support. Detailed description and context provided.,Feature Request,solved,normal,amanda.taylor@company.com,Amanda Taylor,lisa.johnson@customer.com,Lisa Johnson,SmartBusiness Co,Billing,2024-04-09 10:14:00,2024-04-09 18:14:00,2024-04-10 04:14:00,integration,18.0,5.52
500915,Subscription upgrade,Customer reported: Subscription upgrade. Detailed description and context provided.,Billing Inquiry,pending,high,jessica.martinez@company.com,Jessica Martinez,jennifer.jones@customer.com,Jennifer Jones,StartupXYZ,Billing,2024-04-09 10:30:00,2024-04-10 21:30:00,,integration,,3.0
500665,Configure SSO,Customer reported: Configure SSO. Detailed description and context provided.,How-to Question,solved,high,ryan.miller@company.com,Ryan Miller,john.rodriguez@customer.com,John Rodriguez,CloudSolutions Ltd,Customer Success,2024-04-09 10:35:00,2024-04-12 00:35:00,2024-04-10 05:35:00,"bug,vip,feature",19.0,4.76
500826,Mobile app freeze,Customer reported: Mobile app freeze. Detailed description and context provided.,Bug Report,pending,high,robert.lee@company.com,Robert Lee,sarah.rodriguez@customer.com,Sarah Rodriguez,StartupXYZ,Customer Success,2024-04-09 10:43:00,2024-04-11 03:43:00,,urgent,,7.62
500095,Slow dashboard load,Customer reported: Slow dashboard load. Detailed description and context provided.,Performance Issue,solved,high,david.rodriguez@company.com,David Rodriguez,james.smith@customer.com,James Smith,Digital Dynamics,Billing,2024-04-09 10:45:00,2024-04-11 08:45:00,2024-04-09 13:45:00,onboarding,3.0,4.82
500719,Refund request,Customer reported: Refund request. Detailed description and context provided.,Billing Inquiry,solved,high,mike.johnson@company.com,Mike Johnson,jennifer.johnson@customer.com,Jennifer Johnson,StartupXYZ,Technical Support,2024-04-09 11:00:00,2024-04-11 15:00:00,2024-04-09 14:00:00,"training,onboarding",3.0,4.51
500457,Invoice discrepancy,Customer reported: Invoice discrepancy. Detailed description and context provided.,Billing Inquiry,solved,high,jessica.martinez@company.com,Jessica Martinez,maria.garcia@customer.com,Maria Garcia,TechCorp Inc,Sales,2024-04-09 11:02:00,2024-04-12 09:02:00,2024-04-10 06:02:00,"onboarding,urgent,escalated",19.0,3.37
500197,Bulk data retrieval,Customer reported: Bulk data retrieval. Detailed description and context provided.,Data Export,solved,normal,mike.johnson@company.com,Mike Johnson,robert.johnson@customer.com,Robert Johnson,CloudSolutions Ltd,Technical Support,2024-04-09 11:17:00,2024-04-11 01:17:00,2024-04-10 09:17:00,"urgent,bug",22.0,7.0
500377,2FA issues,Customer reported: 2FA issues. Detailed description and context provided.,Login Problem,solved,normal,david.rodriguez@company.com,David Rodriguez,lisa.jones@customer.com,Lisa Jones,InnovateCo,Customer Success,2024-04-09 11:19:00,2024-04-10 08:19:00,2024-04-09 16:19:00,"integration,escalated,urgent",5.0,5.19
500565,Configure SSO,Customer reported: Configure SSO. Detailed description and context provided.,How-to Question,solved,normal,david.rodriguez@company.com,David Rodriguez,michael.williams@customer.com,Michael Williams,Enterprise Global,Technical Support,2024-04-09 11:20:00,2024-04-10 00:20:00,2024-04-11 01:20:00,bug,38.0,2.8
500560,API timeout,Customer reported: API timeout. Detailed description and context provided.,Integration Issue,solved,normal,david.rodriguez@company.com,David Rodriguez,lisa.miller@customer.com,Lisa Miller,Digital Dynamics,Customer Success,2024-04-09 11:22:00,2024-04-12 01:22:00,2024-04-11 03:22:00,"bug,escalated,vip",40.0,4.29
500318,Rate limit exceeded,Customer reported: Rate limit exceeded. Detailed description and context provided.,API Question,solved,normal,jennifer.garcia@company.com,Jennifer Garcia,robert.smith@customer.com,Robert Smith,MegaCorp Industries,Product,2024-04-09 11:26:00,2024-04-09 12:26:00,2024-04-11 03:26:00,"feature,onboarding,bug",40.0,3.57
500294,Dark mode support,Customer reported: Dark mode support. Detailed description and context provided.,Feature Request,solved,normal,jessica.martinez@company.com,Jessica Martinez,michael.rodriguez@customer.com,Michael Rodriguez,SmartBusiness Co,Customer Success,2024-04-09 11:28:00,2024-04-11 05:28:00,2024-04-10 23:28:00,vip,36.0,2.08
500228,Authentication error,Customer reported: Authentication error. Detailed description and context provided.,API Question,solved,high,tom.anderson@company.com,Tom Anderson,robert.smith@customer.com,Robert Smith,MegaCorp Industries,Customer Success,2024-04-09 11:30:00,2024-04-10 13:30:00,2024-04-10 08:30:00,"onboarding,feature,integration",21.0,6.36
500320,Session timeout,Customer reported: Session timeout. Detailed description and context provided.,Login Problem,solved,high,sarah.williams@company.com,Sarah Williams,michael.johnson@customer.com,Michael Johnson,InnovateCo,Customer Success,2024-04-09 11:30:00,2024-04-11 03:30:00,2024-04-10 06:30:00,"bug,urgent",19.0,2.11
500363,2FA issues,Customer reported: 2FA issues. Detailed description and context provided.,Login Problem,solved,normal,ryan.miller@company.com,Ryan Miller,james.miller@customer.com,James Miller,StartupXYZ,Sales,2024-04-09 11:38:00,2024-04-11 04:38:00,2024-04-11 02:38:00,"feature,integration,escalated",39.0,2.1
500656,Custom field setup,Customer reported: Custom field setup. Detailed description and context provided.,Configuration Help,pending,high,ryan.miller@company.com,Ryan Miller,michael.martinez@customer.com,Michael Martinez,CloudSolutions Ltd,Technical Support,2024-04-09 11:45:00,2024-04-10 14:45:00,,training,,6.5
500011,New user onboarding,Customer reported: New user onboarding. Detailed description and context provided.,Account Setup,open,low,ryan.miller@company.com,Ryan Miller,sarah.garcia@customer.com,Sarah Garcia,Enterprise Global,Technical Support,2024-04-09 11:49:00,2024-04-11 05:49:00,,urgent,,2.31
500215,Report generation timeout,Customer reported: Report generation timeout. Detailed description and context provided.,Performance Issue,solved,high,jessica.martinez@company.com,Jessica Martinez,michael.smith@customer.com,Michael Smith,SmartBusiness Co,Technical Support,2024-04-09 12:00:00,2024-04-12 01:00:00,2024-04-10 00:00:00,"escalated,vip,bug",12.0,2.36
500606,Session timeout,Customer reported: Session timeout. Detailed description and context provided.,Login Problem,solved,normal,laura.anderson@company.com,Laura Anderson,james.williams@customer.com,James Williams,DataFlow Systems,Customer Success,2024-04-09 12:04:00,2024-04-09 14:04:00,2024-04-10 02:04:00,escalated,14.0,4.09
500163,Invoice discrepancy,Customer reported: Invoice discrepancy. Detailed description and context provided.,Billing Inquiry,solved,high,sarah.williams@company.com,Sarah Williams,jennifer.brown@customer.com,Jennifer Brown,FutureWorks LLC,Sales,2024-04-09 12:13:00,2024-04-09 14:13:00,2024-04-09 19:13:00,"feature,training,vip",7.0,4.64
500291,Create custom fields,Customer reported: Create custom fields. Detailed description and context provided.,How-to Question,open,normal,david.rodriguez@company.com,David Rodriguez,robert.rodriguez@customer.com,Robert Rodriguez,MegaCorp Industries,Billing,2024-04-09 12:14:00,2024-04-12 05:14:00,,onboarding,,2.16
500779,Report generation timeout,Customer reported: Report generation timeout. Detailed description and context provided.,Performance Issue,pending,high,mike.johnson@company.com,Mike Johnson,john.williams@customer.com,John Williams,CloudSolutions Ltd,Billing,2024-04-09 12:16:00,2024-04-10 04:16:00,,"feature,vip,integration",,6.06
500314,CSV contains corrupted files,Customer reported: CSV contains corrupted files. Detailed description and context provided.,Data Export,solved,high,nicole.davis@company.com,Nicole Davis,emily.miller@customer.com,Emily Miller,MegaCorp Industries,Billing,2024-04-09 12:16:00,2024-04-11 23:16:00,2024-04-10 08:16:00,vip,20.0,0.62
500148,Permission configuration,Customer reported: Permission configuration. Detailed description and context provided.,Account Setup,solved,high,michael.thompson@company.com,Michael Thompson,emily.smith@customer.com,Emily Smith,Enterprise Global,Technical Support,2024-04-09 12:20:00,2024-04-10 12:20:00,2024-04-09 17:20:00,"feature,training",5.0,6.15
500889,New user onboarding,Customer reported: New user onboarding. Detailed description and context provided.,Account Setup,solved,high,ryan.miller@company.com,Ryan Miller,michael.martinez@customer.com,Michael Martinez,FutureWorks LLC,Technical Support,2024-04-09 12:23:00,2024-04-11 22:23:00,2024-04-10 10:23:00,onboarding,22.0,4.74
500357,Export format options,Customer reported: Export format options. Detailed description and context provided.,Data Export,pending,low,emily.chen@company.com,Emily Chen,lisa.johnson@customer.com,Lisa Johnson,SmartBusiness Co,Technical Support,2024-04-09 12:24:00,2024-04-11 11:24:00,,"feature,integration",,5.62
500029,Advanced filtering,Customer reported: Advanced filtering. Detailed description and context provided.,Feature Request,pending,high,emily.chen@company.com,Emily Chen,michael.martinez@customer.com,Michael Martinez,Enterprise Global,Customer Success,2024-04-09 12:25:00,2024-04-09 16:25:00,,vip,,4.97
500407,Slack notifications failed,Customer reported: Slack notifications failed. Detailed description and context provided.,Integration Issue,solved,normal,jennifer.garcia@company.com,Jennifer Garcia,david.martinez@customer.com,David Martinez,InnovateCo,Sales,2024-04-09 12:32:00,2024-04-12 11:32:00,2024-04-10 12:32:00,vip,24.0,2.84
500492,Page load errors,Customer reported: Page load errors. Detailed description and context provided.,Performance Issue,solved,high,david.rodriguez@company.com,David Rodriguez,lisa.miller@customer.com,Lisa Miller,Digital Dynamics,Customer Success,2024-04-09 12:34:00,2024-04-11 20:34:00,2024-04-09 16:34:00,"urgent,training",4.0,1.83
500036,Webhook retry logic,Customer reported: Webhook retry logic. Detailed description and context provided.,API Question,solved,low,tom.anderson@company.com,Tom Anderson,michael.davis@customer.com,Michael Davis,Digital Dynamics,Customer Success,2024-04-09 12:35:00,2024-04-12 05:35:00,2024-04-12 02:35:00,"feature,escalated",62.0,5.28
500553,Slow dashboard load,Customer reported: Slow dashboard load. Detailed description and context provided.,Performance Issue,solved,high,nicole.davis@company.com,Nicole Davis,john.garcia@customer.com,John Garcia,Enterprise Global,Technical Support,2024-04-09 12:37:00,2024-04-11 03:37:00,2024-04-10 12:37:00,"onboarding,urgent,escalated",24.0,6.17
500817,Slow dashboard load,Customer reported: Slow dashboard load. Detailed description and context provided.,Performance Issue,open,high,sarah.williams@company.com,Sarah Williams,michael.johnson@customer.com,Michael Johnson,CloudSolutions Ltd,Technical Support,2024-04-09 12:45:00,2024-04-09 17:45:00,,"escalated,feature,bug",,1.46
500381,Session timeout,Customer reported: Session timeout. Detailed description and context provided.,Login Problem,solved,normal,maria.hernandez@company.com,Maria Hernandez,james.jones@customer.com,James Jones,Digital Dynamics,Customer Success,2024-04-09 12:46:00,2024-04-10 07:46:00,2024-04-09 17:46:00,"integration,vip,escalated",5.0,1.3
500090,Data export fails,Customer reported: Data export fails. Detailed description and context provided.,Bug Report,pending,high,kevin.wilson@company.com,Kevin Wilson,john.williams@customer.com,John Williams,Enterprise Global,Technical Support,2024-04-09 12:49:00,2024-04-12 12:49:00,,"integration,bug,escalated",,0.55
500460,Permission configuration,Customer reported: Permission configuration. Detailed description and context provided.,Account Setup,solved,high,chris.brown@company.com,Chris Brown,sarah.brown@customer.com,Sarah Brown,Digital Dynamics,Billing,2024-04-09 12:53:00,2024-04-12 09:53:00,2024-04-09 22:53:00,vip,10.0,3.43
500909,Refund request,Customer reported: Refund request. Detailed description and context provided.,Billing Inquiry,pending,normal,david.rodriguez@company.com,David Rodriguez,sarah.davis@customer.com,Sarah Davis,DataFlow Systems,Technical Support,2024-04-09 12:56:00,2024-04-09 22:56:00,,"feature,urgent",,4.57
500540,SLA configuration,Customer reported: SLA configuration. Detailed description and context provided.,Configuration Help,solved,normal,jennifer.garcia@company.com,Jennifer Garcia,jennifer.johnson@customer.com,Jennifer Johnson,Digital Dynamics,Customer Success,2024-04-09 13:01:00,2024-04-09 22:01:00,2024-04-10 10:01:00,"onboarding,feature,training",21.0,3.77
500944,Payment method update,Customer reported: Payment method update. Detailed description and context provided.,Billing Inquiry,open,high,sarah.williams@company.com,Sarah Williams,emily.smith@customer.com,Emily Smith,InnovateCo,Customer Success,2024-04-09 13:05:00,2024-04-12 07:05:00,,"onboarding,integration,escalated",,6.35
500758,Search delays,Customer reported: Search delays. Detailed description and context provided.,Performance Issue,solved,normal,david.rodriguez@company.com,David Rodriguez,john.davis@customer.com,John Davis,Enterprise Global,Customer Success,2024-04-09 13:05:00,2024-04-11 16:05:00,2024-04-11 01:05:00,"vip,urgent",36.0,5.36
500950,Salesforce sync stopped,Customer reported: Salesforce sync stopped. Detailed description and context provided.,Integration Issue,pending,high,tom.anderson@company.com,Tom Anderson,robert.martinez@customer.com,Robert Martinez,Digital Dynamics,Technical Support,2024-04-09 13:06:00,2024-04-11 22:06:00,,vip,,7.1
500078,Export format options,Customer reported: Export format options. Detailed description and context provided.,Data Export,solved,normal,chris.brown@company.com,Chris Brown,james.johnson@customer.com,James Johnson,Digital Dynamics,Billing,2024-04-09 13:08:00,2024-04-12 11:08:00,2024-04-10 19:08:00,"escalated,bug,urgent",30.0,5.68
500101,IP whitelist setup,Customer reported: IP whitelist setup. Detailed description and context provided.,Security Question,open,normal,sarah.williams@company.com,Sarah Williams,robert.williams@customer.com,Robert Williams,TechCorp Inc,Billing,2024-04-09 13:09:00,2024-04-11 09:09:00,,training,,7.93
500548,Workflow automation,Customer reported: Workflow automation. Detailed description and context provided.,Configuration Help,solved,normal,maria.hernandez@company.com,Maria Hernandez,michael.rodriguez@customer.com,Michael Rodriguez,MegaCorp Industries,Billing,2024-04-09 13:10:00,2024-04-11 19:10:00,2024-04-10 16:10:00,bug,27.0,6.51
500484,Rate limit exceeded,Customer reported: Rate limit exceeded. Detailed description and context provided.,API Question,pending,low,kevin.wilson@company.com,Kevin Wilson,sarah.brown@customer.com,Sarah Brown,SmartBusiness Co,Billing,2024-04-09 13:13:00,2024-04-10 11:13:00,,"training,bug,onboarding",,4.92
500563,Refund request,Customer reported: Refund request. Detailed description and context provided.,Billing Inquiry,pending,low,daniel.white@company.com,Daniel White,robert.smith@customer.com,Robert Smith,DataFlow Systems,Billing,2024-04-09 13:36:00,2024-04-12 08:36:00,,"bug,urgent,training",,6.4
500899,Bulk edit capability,Customer reported: Bulk edit capability. Detailed description and context provided.,Feature Request,pending,normal,laura.anderson@company.com,Laura Anderson,david.martinez@customer.com,David Martinez,DataFlow Systems,Customer Success,2024-04-09 13:40:00,2024-04-10 05:40:00,,"bug,training,feature",,5.42
500820,API timeout,Customer reported: API timeout. Detailed description and context provided.,Integration Issue,solved,low,ryan.miller@company.com,Ryan Miller,lisa.smith@customer.com,Lisa Smith,FutureWorks LLC,Billing,2024-04-09 13:46:00,2024-04-10 02:46:00,2024-04-11 02:46:00,"escalated,bug,training",37.0,3.38
500687,Application crash on login,Customer reported: Application crash on login. Detailed description and context provided.,Bug Report,solved,high,jennifer.garcia@company.com,Jennifer Garcia,emily.miller@customer.com,Emily Miller,Digital Dynamics,Technical Support,2024-04-09 13:50:00,2024-04-10 06:50:00,2024-04-09 23:50:00,"vip,training,feature",10.0,6.13
500409,Export format options,Customer reported: Export format options. Detailed description and context provided.,Data Export,open,high,amanda.taylor@company.com,Amanda Taylor,sarah.davis@customer.com,Sarah Davis,DataFlow Systems,Technical Support,2024-04-09 14:05:00,2024-04-12 02:05:00,,"integration,onboarding",,5.33
500155,Webhook retry logic,Customer reported: Webhook retry logic. Detailed description and context provided.,API Question,pending,normal,lisa.moore@company.com,Lisa Moore,robert.williams@customer.com,Robert Williams,InnovateCo,Sales,2024-04-09 14:08:00,2024-04-10 13:08:00,,urgent,,7.84
500792,Permission configuration,Customer reported: Permission configuration. Detailed description and context provided.,Account Setup,solved,normal,amanda.taylor@company.com,Amanda Taylor,john.smith@customer.com,John Smith,StartupXYZ,Technical Support,2024-04-09 14:19:00,2024-04-10 05:19:00,2024-04-11 07:19:00,"integration,vip",41.0,3.01
500800,Bulk edit capability,Customer reported: Bulk edit capability. Detailed description and context provided.,Feature Request,solved,normal,sarah.williams@company.com,Sarah Williams,michael.rodriguez@customer.com,Michael Rodriguez,InnovateCo,Billing,2024-04-09 14:32:00,2024-04-12 05:32:00,2024-04-10 11:32:00,"feature,urgent",21.0,3.29
500644,CSV contains corrupted files,Customer reported: CSV contains corrupted files. Detailed description and context provided.,Data Export,pending,normal,sarah.williams@company.com,Sarah Williams,lisa.miller@customer.com,Lisa Miller,MegaCorp Industries,Billing,2024-04-09 14:40:00,2024-04-10 19:40:00,,"escalated,training,vip",,2.18
500724,Dashboard not loading,Customer reported: Dashboard not loading. Detailed description and context provided.,Bug Report,pending,low,emily.chen@company.com,Emily Chen,sarah.martinez@customer.com,Sarah Martinez,FutureWorks LLC,Technical Support,2024-04-09 14:44:00,2024-04-11 16:44:00,,onboarding,,5.48
500462,Invoice discrepancy,Customer reported: Invoice discrepancy. Detailed description and context provided.,Billing Inquiry,solved,normal,tom.anderson@company.com,Tom Anderson,john.brown@customer.com,John Brown,SmartBusiness Co,Technical Support,2024-04-09 14:59:00,2024-04-09 17:59:00,2024-04-10 12:59:00,"onboarding,feature,integration",22.0,3.07
500130,Dark mode support,Customer reported: Dark mode support. Detailed description and context provided.,Feature Request,solved,high,jessica.martinez@company.com,Jessica Martinez,david.miller@customer.com,David Miller,FutureWorks LLC,Customer Success,2024-04-09 15:06:00,2024-04-10 23:06:00,2024-04-09 20:06:00,"feature,escalated",5.0,7.27
500026,Password reset not working,Customer reported: Password reset not working. Detailed description and context provided.,Login Problem,solved,normal,lisa.moore@company.com,Lisa Moore,emily.johnson@customer.com,Emily Johnson,StartupXYZ,Technical Support,2024-04-09 15:09:00,2024-04-11 14:09:00,2024-04-09 21:09:00,"escalated,integration,onboarding",6.0,1.66
500870,Application crash on login,Customer reported: Application crash on login. Detailed description and context provided.,Bug Report,open,high,tom.anderson@company.com,Tom Anderson,david.williams@customer.com,David Williams,StartupXYZ,Technical Support,2024-04-09 15:12:00,2024-04-11 10:12:00,,"escalated,vip",,3.95
500067,Rate limit exceeded,Customer reported: Rate limit exceeded. Detailed description and context provided.,API Question,open,high,patricia.clark@company.com,Patricia Clark,maria.johnson@customer.com,Maria Johnson,InnovateCo,Billing,2024-04-09 15:24:00,2024-04-12 06:24:00,,"integration,vip,onboarding",,1.18
500102,Page load errors,Customer reported: Page load errors. Detailed description and context provided.,Performance Issue,pending,normal,jennifer.garcia@company.com,Jennifer Garcia,lisa.martinez@customer.com,Lisa Martinez,TechCorp Inc,Sales,2024-04-09 15:33:00,2024-04-11 04:33:00,,"onboarding,urgent,bug",,1.21
500982,Invoice discrepancy,Customer reported: Invoice discrepancy. Detailed description and context provided.,Billing Inquiry,pending,normal,kevin.wilson@company.com,Kevin Wilson,jennifer.williams@customer.com,Jennifer Williams,InnovateCo,Technical Support,2024-04-09 15:33:00,2024-04-09 21:33:00,,"onboarding,urgent,training",,2.03
500397,Data retention policy,Customer reported: Data retention policy. Detailed description and context provided.,Security Question,pending,high,emily.chen@company.com,Emily Chen,emily.smith@customer.com,Emily Smith,DataFlow Systems,Technical Support,2024-04-09 15:46:00,2024-04-10 21:46:00,,training,,5.19
500255,Endpoint documentation,Customer reported: Endpoint documentation. Detailed description and context provided.,API Question,pending,high,tom.anderson@company.com,Tom Anderson,david.johnson@customer.com,David Johnson,Digital Dynamics,Technical Support,2024-04-09 15:52:00,2024-04-11 15:52:00,,onboarding,,7.91
500612,Session timeout,Customer reported: Session timeout. Detailed description and context provided.,Login Problem,solved,normal,lisa.moore@company.com,Lisa Moore,emily.miller@customer.com,Emily Miller,TechCorp Inc,Customer Success,2024-04-09 16:02:00,2024-04-12 04:02:00,2024-04-10 20:02:00,integration,28.0,1.36
500973,Rate limit exceeded,Customer reported: Rate limit exceeded. Detailed description and context provided.,API Question,pending,normal,lisa.moore@company.com,Lisa Moore,john.garcia@customer.com,John Garcia,MegaCorp Industries,Billing,2024-04-09 16:03:00,2024-04-09 17:03:00,,"urgent,escalated",,7.29
500405,New user onboarding,Customer reported: New user onboarding. Detailed description and context provided.,Account Setup,solved,low,mike.johnson@company.com,Mike Johnson,sarah.rodriguez@customer.com,Sarah Rodriguez,Enterprise Global,Customer Success,2024-04-09 16:07:00,2024-04-10 04:07:00,2024-04-11 18:07:00,integration,50.0,5.29
500009,Custom field setup,Customer reported: Custom field setup. Detailed description and context provided.,Configuration Help,open,low,amanda.taylor@company.com,Amanda Taylor,robert.jones@customer.com,Robert Jones,StartupXYZ,Technical Support,2024-04-09 16:16:00,2024-04-09 18:16:00,,integration,,3.76
500854,Search delays,Customer reported: Search delays. Detailed description and context provided.,Performance Issue,solved,high,chris.brown@company.com,Chris Brown,michael.smith@customer.com,Michael Smith,StartupXYZ,Customer Success,2024-04-09 16:28:00,2024-04-10 08:28:00,2024-04-10 10:28:00,"onboarding,training",18.0,3.68
500592,Bulk edit capability,Customer reported: Bulk edit capability. Detailed description and context provided.,Feature Request,open,low,laura.anderson@company.com,Laura Anderson,michael.brown@customer.com,Michael Brown,InnovateCo,Technical Support,2024-04-09 16:51:00,2024-04-10 01:51:00,,"escalated,onboarding,bug",,2.88
500315,CSV contains corrupted files,Customer reported: CSV contains corrupted files. Detailed description and context provided.,Data Export,open,high,jennifer.garcia@company.com,Jennifer Garcia,michael.davis@customer.com,Michael Davis,FutureWorks LLC,Technical Support,2024-04-09 16:55:00,2024-04-10 12:55:00,,"urgent,escalated,integration",,4.27
500774,Bulk data retrieval,Customer reported: Bulk data retrieval. Detailed description and context provided.,Data Export,open,normal,david.rodriguez@company.com,David Rodriguez,emily.martinez@customer.com,Emily Martinez,SmartBusiness Co,Customer Success,2024-04-09 17:01:00,2024-04-10 11:01:00,,"bug,integration",,4.57
500395,Webhook retry logic,Customer reported: Webhook retry logic. Detailed description and context provided.,API Question,solved,normal,jennifer.garcia@company.com,Jennifer Garcia,robert.brown@customer.com,Robert Brown,InnovateCo,Technical Support,2024-04-09 17:04:00,2024-04-11 05:04:00,2024-04-10 18:04:00,"urgent,training,integration",25.0,5.97
500178,API timeout,Customer reported: API timeout. Detailed description and context provided.,Integration Issue,solved,high,michael.thompson@company.com,Michael Thompson,james.johnson@customer.com,James Johnson,SmartBusiness Co,Billing,2024-04-09 17:05:00,2024-04-11 19:05:00,2024-04-09 18:05:00,bug,1.0,5.64
500076,Cannot access account,Customer reported: Cannot access account. Detailed description and context provided.,Login Problem,solved,high,tom.anderson@company.com,Tom Anderson,emily.davis@customer.com,Emily Davis,TechCorp Inc,Technical Support,2024-04-09 17:07:00,2024-04-11 18:07:00,2024-04-10 14:07:00,"onboarding,integration,vip",21.0,5.36
500374,GDPR compliance,Customer reported: GDPR compliance. Detailed description and context provided.,Security Question,solved,high,mike.johnson@company.com,Mike Johnson,john.miller@customer.com,John Miller,FutureWorks LLC,Sales,2024-04-09 17:13:00,2024-04-12 07:13:00,2024-04-10 13:13:00,"urgent,bug,vip",20.0,0.95
500659,Payment method update,Customer reported: Payment method update. Detailed description and context provided.,Billing Inquiry,pending,high,tom.anderson@company.com,Tom Anderson,david.brown@customer.com,David Brown,CloudSolutions Ltd,Technical Support,2024-04-09 17:13:00,2024-04-09 22:13:00,,"feature,integration,bug",,2.58
500192,Create custom fields,Customer reported: Create custom fields. Detailed description and context provided.,How-to Question,solved,normal,ryan.miller@company.com,Ryan Miller,robert.williams@customer.com,Robert Williams,SmartBusiness Co,Product,2024-04-09 17:24:00,2024-04-11 19:24:00,2024-04-11 00:24:00,training,31.0,2.67
500980,Custom field setup,Customer reported: Custom field setup. Detailed description and context provided.,Configuration Help,pending,normal,ryan.miller@company.com,Ryan Miller,robert.smith@customer.com,Robert Smith,InnovateCo,Technical Support,2024-04-09 17:30:00,2024-04-11 06:30:00,,integration,,7.19
500285,Slow dashboard load,Customer reported: Slow dashboard load. Detailed description and context provided.,Performance Issue,solved,low,jessica.martinez@company.com,Jessica Martinez,robert.johnson@customer.com,Robert Johnson,TechCorp Inc,Technical Support,2024-04-09 17:30:00,2024-04-12 14:30:00,2024-04-11 13:30:00,"bug,urgent",44.0,5.53
500912,Data export fails,Customer reported: Data export fails. Detailed description and context provided.,Bug Report,solved,normal,laura.anderson@company.com,Laura Anderson,robert.davis@customer.com,Robert Davis,Digital Dynamics,Customer Success,2024-04-09 17:32:00,2024-04-10 17:32:00,2024-04-11 04:32:00,bug,35.0,0.99
500586,Rate limit exceeded,Customer reported: Rate limit exceeded. Detailed description and context provided.,API Question,pending,normal,james.taylor@company.com,James Taylor,james.garcia@customer.com,James Garcia,InnovateCo,Billing,2024-04-09 17:37:00,2024-04-11 00:37:00,,feature,,6.39
500362,Domain setup,Customer reported: Domain setup. Detailed description and context provided.,Account Setup,solved,high,patricia.clark@company.com,Patricia Clark,sarah.williams@customer.com,Sarah Williams,CloudSolutions Ltd,Billing,2024-04-09 17:47:00,2024-04-11 15:47:00,2024-04-10 15:47:00,"escalated,integration,bug",22.0,5.43
500958,Salesforce sync stopped,Customer reported: Salesforce sync stopped. Detailed description and context provided.,Integration Issue,pending,low,laura.anderson@company.com,Laura Anderson,sarah.miller@customer.com,Sarah Miller,StartupXYZ,Billing,2024-04-09 17:47:00,2024-04-11 10:47:00,,"training,onboarding,vip",,6.17
500354,Email template,Customer reported: Email template. Detailed description and context provided.,Configuration Help,solved,normal,ryan.miller@company.com,Ryan Miller,jennifer.brown@customer.com,Jennifer Brown,TechCorp Inc,Sales,2024-04-09 17:50:00,2024-04-11 10:50:00,2024-04-11 08:50:00,"escalated,bug,onboarding",39.0,1.51
500211,Slow dashboard load,Customer reported: Slow dashboard load. Detailed description and context provided.,Performance Issue,solved,high,kevin.wilson@company.com,Kevin Wilson,david.miller@customer.com,David Miller,InnovateCo,Billing,2024-04-09 17:58:00,2024-04-12 14:58:00,2024-04-10 04:58:00,feature,11.0,1.15
500921,IP whitelist setup,Customer reported: IP whitelist setup. Detailed description and context provided.,Security Question,pending,normal,mike.johnson@company.com,Mike Johnson,michael.johnson@customer.com,Michael Johnson,StartupXYZ,Billing,2024-04-10 08:34:00,2024-04-11 22:34:00,,"training,onboarding",,7.13
500214,Team workspace creation,Customer reported: Team workspace creation. Detailed description and context provided.,Account Setup,solved,normal,david.rodriguez@company.com,David Rodriguez,lisa.williams@customer.com,Lisa Williams,Enterprise Global,Technical Support,2024-04-10 08:40:00,2024-04-12 07:40:00,2024-04-10 15:40:00,vip,7.0,2.21
500495,Application crash on login,Customer reported: Application crash on login. Detailed description and context provided.,Bug Report,solved,low,nicole.davis@company.com,Nicole Davis,michael.garcia@customer.com,Michael Garcia,StartupXYZ,Technical Support,2024-04-10 08:43:00,2024-04-12 02:43:00,2024-04-10 23:43:00,"urgent,escalated,onboarding",15.0,3.06
500971,Configure SSO,Customer reported: Configure SSO. Detailed description and context provided.,How-to Question,open,normal,jessica.martinez@company.com,Jessica Martinez,michael.johnson@customer.com,Michael Johnson,Enterprise Global,Customer Success,2024-04-10 08:44:00,2024-04-12 21:44:00,,"bug,onboarding",,3.73
500401,Subscription upgrade,Customer reported: Subscription upgrade. Detailed description and context provided.,Billing Inquiry,pending,high,lisa.moore@company.com,Lisa Moore,lisa.johnson@customer.com,Lisa Johnson,CloudSolutions Ltd,Technical Support,2024-04-10 08:46:00,2024-04-10 11:46:00,,"urgent,bug",,7.88
500641,IP whitelist setup,Customer reported: IP whitelist setup. Detailed description and context provided.,Security Question,solved,normal,kevin.wilson@company.com,Kevin Wilson,james.jones@customer.com,James Jones,FutureWorks LLC,Billing,2024-04-10 08:50:00,2024-04-12 21:50:00,2024-04-12 06:50:00,bug,46.0,7.02
500940,How to export data to CSV,Customer reported: How to export data to CSV. Detailed description and context provided.,How-to Question,solved,high,sarah.williams@company.com,Sarah Williams,james.smith@customer.com,James Smith,InnovateCo,Technical Support,2024-04-10 08:56:00,2024-04-12 08:56:00,2024-04-11 06:56:00,urgent,22.0,1.57
500571,Endpoint documentation,Customer reported: Endpoint documentation. Detailed description and context provided.,API Question,solved,high,mike.johnson@company.com,Mike Johnson,james.brown@customer.com,James Brown,FutureWorks LLC,Customer Success,2024-04-10 09:04:00,2024-04-11 03:04:00,2024-04-11 09:04:00,"onboarding,training,bug",24.0,5.26
500735,Slow dashboard load,Customer reported: Slow dashboard load. Detailed description and context provided.,Performance Issue,solved,high,amanda.taylor@company.com,Amanda Taylor,michael.davis@customer.com,Michael Davis,StartupXYZ,Customer Success,2024-04-10 09:09:00,2024-04-10 20:09:00,2024-04-11 04:09:00,feature,19.0,5.39
500358,Dark mode support,Customer reported: Dark mode support. Detailed description and context provided.,Feature Request,solved,high,jessica.martinez@company.com,Jessica Martinez,michael.williams@customer.com,Michael Williams,TechCorp Inc,Technical Support,2024-04-10 09:18:00,2024-04-13 04:18:00,2024-04-11 07:18:00,vip,22.0,4.14
500172,Payment method update,Customer reported: Payment method update. Detailed description and context provided.,Billing Inquiry,open,low,robert.lee@company.com,Robert Lee,maria.davis@customer.com,Maria Davis,Enterprise Global,Technical Support,2024-04-10 09:54:00,2024-04-10 15:54:00,,vip,,5.63
500594,CSV contains corrupted files,Customer reported: CSV contains corrupted files. Detailed description and context provided.,Data Export,solved,high,maria.hernandez@company.com,Maria Hernandez,michael.rodriguez@customer.com,Michael Rodriguez,MegaCorp Industries,Product,2024-04-10 09:56:00,2024-04-12 22:56:00,2024-04-11 07:56:00,"onboarding,feature,integration",22.0,3.98
500841,Bulk edit capability,Customer reported: Bulk edit capability. Detailed description and context provided.,Feature Request,pending,normal,kevin.wilson@company.com,Kevin Wilson,emily.davis@customer.com,Emily Davis,FutureWorks LLC,Technical Support,2024-04-10 10:06:00,2024-04-10 21:06:00,,vip,,1.56
500145,Report generation timeout,Customer reported: Report generation timeout. Detailed description and context provided.,Performance Issue,solved,high,ryan.miller@company.com,Ryan Miller,john.miller@customer.com,John Miller,Digital Dynamics,Technical Support,2024-04-10 10:14:00,2024-04-10 15:14:00,2024-04-10 16:14:00,integration,6.0,7.08
500416,Cannot access account,Customer reported: Cannot access account. Detailed description and context provided.,Login Problem,solved,normal,ryan.miller@company.com,Ryan Miller,john.rodriguez@customer.com,John Rodriguez,StartupXYZ,Technical Support,2024-04-10 10:32:00,2024-04-12 00:32:00,2024-04-10 17:32:00,integration,7.0,6.99
500855,How to export data to CSV,Customer reported: How to export data to CSV. Detailed description and context provided.,How-to Question,open,high,sarah.williams@company.com,Sarah Williams,emily.davis@customer.com,Emily Davis,StartupXYZ,Billing,2024-04-10 10:35:00,2024-04-12 10:35:00,,"feature,urgent,integration",,2.83
500212,Dashboard not loading,Customer reported: Dashboard not loading. Detailed description and context provided.,Bug Report,solved,high,nicole.davis@company.com,Nicole Davis,john.williams@customer.com,John Williams,Digital Dynamics,Billing,2024-04-10 10:38:00,2024-04-11 09:38:00,2024-04-10 14:38:00,"integration,vip",4.0,3.29
500278,SLA configuration,Customer reported: SLA configuration. Detailed description and context provided.,Configuration Help,solved,normal,amanda.taylor@company.com,Amanda Taylor,lisa.garcia@customer.com,Lisa Garcia,TechCorp Inc,Technical Support,2024-04-10 10:40:00,2024-04-11 13:40:00,2024-04-12 07:40:00,training,45.0,2.99
500851,Audit log access,Customer reported: Audit log access. Detailed description and context provided.,Security Question,pending,normal,emily.chen@company.com,Emily Chen,emily.williams@customer.com,Emily Williams,TechCorp Inc,Customer Success,2024-04-10 10:41:00,2024-04-11 22:41:00,,feature,,1.19
500307,Cannot access account,Customer reported: Cannot access account. Detailed description and context provided.,Login Problem,open,normal,james.taylor@company.com,James Taylor,emily.davis@customer.com,Emily Davis,InnovateCo,Product,2024-04-10 10:42:00,2024-04-13 00:42:00,,integration,,3.27
500134,Search delays,Customer reported: Search delays. Detailed description and context provided.,Performance Issue,pending,normal,lisa.moore@company.com,Lisa Moore,lisa.rodriguez@customer.com,Lisa Rodriguez,StartupXYZ,Product,2024-04-10 10:43:00,2024-04-10 23:43:00,,feature,,5.02
500186,Advanced filtering,Customer reported: Advanced filtering. Detailed description and context provided.,Feature Request,solved,normal,david.rodriguez@company.com,David Rodriguez,james.johnson@customer.com,James Johnson,DataFlow Systems,Technical Support,2024-04-10 10:44:00,2024-04-10 14:44:00,2024-04-11 20:44:00,"bug,training,escalated",34.0,3.07
500061,Configure SSO,Customer reported: Configure SSO. Detailed description and context provided.,How-to Question,solved,high,emily.chen@company.com,Emily Chen,jennifer.davis@customer.com,Jennifer Davis,DataFlow Systems,Product,2024-04-10 10:48:00,2024-04-11 21:48:00,2024-04-11 04:48:00,feature,18.0,5.82
500533,Custom reporting,Customer reported: Custom reporting. Detailed description and context provided.,Feature Request,solved,high,tom.anderson@company.com,Tom Anderson,michael.williams@customer.com,Michael Williams,MegaCorp Industries,Technical Support,2024-04-10 10:52:00,2024-04-13 03:52:00,2024-04-10 11:52:00,vip,1.0,3.62
500393,Application crash on login,Customer reported: Application crash on login. Detailed description and context provided.,Bug Report,pending,normal,james.taylor@company.com,James Taylor,james.williams@customer.com,James Williams,CloudSolutions Ltd,Customer Success,2024-04-10 10:53:00,2024-04-10 22:53:00,,"integration,training,onboarding",,5.69
500441,Custom reporting,Customer reported: Custom reporting. Detailed description and context provided.,Feature Request,solved,high,tom.anderson@company.com,Tom Anderson,maria.williams@customer.com,Maria Williams,FutureWorks LLC,Product,2024-04-10 11:02:00,2024-04-10 18:02:00,2024-04-10 21:02:00,vip,10.0,1.36
500371,Invoice discrepancy,Customer reported: Invoice discrepancy. Detailed description and context provided.,Billing Inquiry,solved,low,maria.hernandez@company.com,Maria Hernandez,david.miller@customer.com,David Miller,StartupXYZ,Technical Support,2024-04-10 11:12:00,2024-04-13 07:12:00,2024-04-12 02:12:00,"vip,urgent,onboarding",39.0,3.6
500366,Invoice discrepancy,Customer reported: Invoice discrepancy. Detailed description and context provided.,Billing Inquiry,solved,high,jessica.martinez@company.com,Jessica Martinez,lisa.davis@customer.com,Lisa Davis,CloudSolutions Ltd,Technical Support,2024-04-10 11:15:00,2024-04-12 15:15:00,2024-04-11 06:15:00,"vip,integration",19.0,5.32
500824,Salesforce sync stopped,Customer reported: Salesforce sync stopped. Detailed description and context provided.,Integration Issue,pending,normal,nicole.davis@company.com,Nicole Davis,sarah.davis@customer.com,Sarah Davis,MegaCorp Industries,Sales,2024-04-10 11:27:00,2024-04-12 22:27:00,,"integration,urgent",,6.98
500312,How to export data to CSV,Customer reported: How to export data to CSV. Detailed description and context provided.,How-to Question,solved,high,chris.brown@company.com,Chris Brown,michael.jones@customer.com,Michael Jones,CloudSolutions Ltd,Technical Support,2024-04-10 11:37:00,2024-04-10 17:37:00,2024-04-11 06:37:00,"escalated,integration,training",19.0,5.28
500583,CSV contains corrupted files,Customer reported: CSV contains corrupted files. Detailed description and context provided.,Data Export,pending,high,sarah.williams@company.com,Sarah Williams,lisa.smith@customer.com,Lisa Smith,Digital Dynamics,Customer Success,2024-04-10 11:50:00,2024-04-12 18:50:00,,"onboarding,integration,vip",,1.31
500614,Custom field setup,Customer reported: Custom field setup. Detailed description and context provided.,Configuration Help,solved,normal,jessica.martinez@company.com,Jessica Martinez,david.williams@customer.com,David Williams,Digital Dynamics,Billing,2024-04-10 12:06:00,2024-04-11 10:06:00,2024-04-10 20:06:00,"bug,vip",8.0,5.86
500894,Scheduled export,Customer reported: Scheduled export. Detailed description and context provided.,Data Export,solved,high,chris.brown@company.com,Chris Brown,john.garcia@customer.com,John Garcia,FutureWorks LLC,Customer Success,2024-04-10 12:14:00,2024-04-10 23:14:00,2024-04-11 08:14:00,bug,20.0,4.77
500806,Webhook not firing,Customer reported: Webhook not firing. Detailed description and context provided.,Integration Issue,solved,high,laura.anderson@company.com,Laura Anderson,david.williams@customer.com,David Williams,Digital Dynamics,Technical Support,2024-04-10 12:17:00,2024-04-10 14:17:00,2024-04-10 16:17:00,"urgent,feature",4.0,0.57
500974,Setup API integration,Customer reported: Setup API integration. Detailed description and context provided.,How-to Question,open,high,emily.chen@company.com,Emily Chen,lisa.johnson@customer.com,Lisa Johnson,CloudSolutions Ltd,Customer Success,2024-04-10 12:23:00,2024-04-13 04:23:00,,"onboarding,integration,vip",,7.19
500305,Endpoint documentation,Customer reported: Endpoint documentation. Detailed description and context provided.,API Question,pending,normal,ryan.miller@company.com,Ryan Miller,robert.rodriguez@customer.com,Robert Rodriguez,Digital Dynamics,Billing,2024-04-10 12:25:00,2024-04-10 17:25:00,,"bug,training,feature",,2.17
500273,Scheduled export,Customer reported: Scheduled export. Detailed description and context provided.,Data Export,pending,high,ryan.miller@company.com,Ryan Miller,lisa.martinez@customer.com,Lisa Martinez,TechCorp Inc,Technical Support,2024-04-10 12:30:00,2024-04-11 12:30:00,,"bug,feature,escalated",,1.35
500021,Subscription upgrade,Customer reported: Subscription upgrade. Detailed description and context provided.,Billing Inquiry,solved,low,david.rodriguez@company.com,David Rodriguez,james.williams@customer.com,James Williams,Enterprise Global,Customer Success,2024-04-10 12:36:00,2024-04-11 15:36:00,2024-04-12 12:36:00,"onboarding,escalated",48.0,7.52
500247,CSV contains corrupted files,Customer reported: CSV contains corrupted files. Detailed description and context provided.,Data Export,solved,low,amanda.taylor@company.com,Amanda Taylor,david.rodriguez@customer.com,David Rodriguez,StartupXYZ,Billing,2024-04-10 12:37:00,2024-04-11 01:37:00,2024-04-11 09:37:00,"integration,feature",21.0,5.41
500530,Create custom fields,Customer reported: Create custom fields. Detailed description and context provided.,How-to Question,solved,high,david.rodriguez@company.com,David Rodriguez,james.johnson@customer.com,James Johnson,TechCorp Inc,Customer Success,2024-04-10 12:38:00,2024-04-12 12:38:00,2024-04-11 08:38:00,"onboarding,feature,training",20.0,2.18
500176,IP whitelist setup,Customer reported: IP whitelist setup. Detailed description and context provided.,Security Question,solved,high,amanda.taylor@company.com,Amanda Taylor,sarah.jones@customer.com,Sarah Jones,CloudSolutions Ltd,Technical Support,2024-04-10 12:42:00,2024-04-12 02:42:00,2024-04-10 20:42:00,"bug,onboarding",8.0,3.42
500131,Domain setup,Customer reported: Domain setup. Detailed description and context provided.,Account Setup,solved,high,michael.thompson@company.com,Michael Thompson,david.davis@customer.com,David Davis,TechCorp Inc,Technical Support,2024-04-10 12:46:00,2024-04-13 04:46:00,2024-04-11 05:46:00,escalated,17.0,4.29
500136,Webhook retry logic,Customer reported: Webhook retry logic. Detailed description and context provided.,API Question,pending,high,patricia.clark@company.com,Patricia Clark,maria.jones@customer.com,Maria Jones,Digital Dynamics,Technical Support,2024-04-10 12:47:00,2024-04-13 05:47:00,,onboarding,,2.98
500905,New user onboarding,Customer reported: New user onboarding. Detailed description and context provided.,Account Setup,pending,high,emily.chen@company.com,Emily Chen,robert.brown@customer.com,Robert Brown,InnovateCo,Technical Support,2024-04-10 12:49:00,2024-04-13 04:49:00,,"urgent,feature",,5.2
500546,Bulk edit capability,Customer reported: Bulk edit capability. Detailed description and context provided.,Feature Request,open,normal,jessica.martinez@company.com,Jessica Martinez,sarah.brown@customer.com,Sarah Brown,StartupXYZ,Technical Support,2024-04-10 12:50:00,2024-04-13 05:50:00,,integration,,5.81
500500,Email template,Customer reported: Email template. Detailed description and context provided.,Configuration Help,solved,normal,amanda.taylor@company.com,Amanda Taylor,robert.jones@customer.com,Robert Jones,MegaCorp Industries,Product,2024-04-10 12:51:00,2024-04-12 09:51:00,2024-04-10 20:51:00,"onboarding,vip,feature",8.0,3.52
500502,Authentication error,Customer reported: Authentication error. Detailed description and context provided.,API Question,pending,normal,emily.chen@company.com,Emily Chen,lisa.davis@customer.com,Lisa Davis,CloudSolutions Ltd,Technical Support,2024-04-10 12:54:00,2024-04-10 20:54:00,,bug,,6.1
500945,GDPR compliance,Customer reported: GDPR compliance. Detailed description and context provided.,Security Question,solved,normal,mike.johnson@company.com,Mike Johnson,lisa.williams@customer.com,Lisa Williams,DataFlow Systems,Technical Support,2024-04-10 12:55:00,2024-04-13 10:55:00,2024-04-11 06:55:00,"bug,onboarding,escalated",18.0,6.94
500775,Slow dashboard load,Customer reported: Slow dashboard load. Detailed description and context provided.,Performance Issue,solved,high,ryan.miller@company.com,Ryan Miller,jennifer.rodriguez@customer.com,Jennifer Rodriguez,Digital Dynamics,Customer Success,2024-04-10 12:56:00,2024-04-12 15:56:00,2024-04-10 17:56:00,vip,5.0,0.91
500185,Slow dashboard load,Customer reported: Slow dashboard load. Detailed description and context provided.,Performance Issue,solved,high,nicole.davis@company.com,Nicole Davis,john.johnson@customer.com,John Johnson,Enterprise Global,Product,2024-04-10 13:02:00,2024-04-12 17:02:00,2024-04-11 00:02:00,feature,11.0,3.84
500268,Authentication error,Customer reported: Authentication error. Detailed description and context provided.,API Question,solved,high,mike.johnson@company.com,Mike Johnson,lisa.miller@customer.com,Lisa Miller,Enterprise Global,Billing,2024-04-10 13:07:00,2024-04-11 15:07:00,2024-04-10 22:07:00,urgent,9.0,4.61
500849,Dashboard not loading,Customer reported: Dashboard not loading. Detailed description and context provided.,Bug Report,solved,high,mike.johnson@company.com,Mike Johnson,david.jones@customer.com,David Jones,MegaCorp Industries,Technical Support,2024-04-10 13:10:00,2024-04-12 10:10:00,2024-04-11 10:10:00,"integration,bug,training",21.0,6.25
500681,Slack notifications failed,Customer reported: Slack notifications failed. Detailed description and context provided.,Integration Issue,solved,normal,robert.lee@company.com,Robert Lee,emily.garcia@customer.com,Emily Garcia,MegaCorp Industries,Billing,2024-04-10 13:12:00,2024-04-12 18:12:00,2024-04-12 02:12:00,"urgent,integration",37.0,3.7
500911,Endpoint documentation,Customer reported: Endpoint documentation. Detailed description and context provided.,API Question,solved,normal,lisa.moore@company.com,Lisa Moore,david.jones@customer.com,David Jones,SmartBusiness Co,Technical Support,2024-04-10 13:17:00,2024-04-13 06:17:00,2024-04-11 23:17:00,onboarding,34.0,2.56
500099,Domain setup,Customer reported: Domain setup. Detailed description and context provided.,Account Setup,open,high,mike.johnson@company.com,Mike Johnson,david.jones@customer.com,David Jones,FutureWorks LLC,Customer Success,2024-04-10 13:20:00,2024-04-10 22:20:00,,onboarding,,4.31
500478,Webhook not firing,Customer reported: Webhook not firing. Detailed description and context provided.,Integration Issue,pending,normal,chris.brown@company.com,Chris Brown,jennifer.miller@customer.com,Jennifer Miller,StartupXYZ,Customer Success,2024-04-10 13:22:00,2024-04-13 08:22:00,,vip,,2.13
500672,Domain setup,Customer reported: Domain setup. Detailed description and context provided.,Account Setup,solved,normal,mike.johnson@company.com,Mike Johnson,john.garcia@customer.com,John Garcia,TechCorp Inc,Billing,2024-04-10 13:25:00,2024-04-13 07:25:00,2024-04-10 19:25:00,"training,bug,escalated",6.0,3.15
500429,Password reset not working,Customer reported: Password reset not working. Detailed description and context provided.,Login Problem,solved,high,emily.chen@company.com,Emily Chen,lisa.rodriguez@customer.com,Lisa Rodriguez,TechCorp Inc,Technical Support,2024-04-10 13:25:00,2024-04-11 14:25:00,2024-04-11 06:25:00,"urgent,escalated,training",17.0,0.59
500096,Password reset not working,Customer reported: Password reset not working. Detailed description and context provided.,Login Problem,pending,high,sarah.williams@company.com,Sarah Williams,maria.davis@customer.com,Maria Davis,StartupXYZ,Billing,2024-04-10 13:25:00,2024-04-10 16:25:00,,escalated,,6.83
500184,Data export fails,Customer reported: Data export fails. Detailed description and context provided.,Bug Report,solved,normal,james.taylor@company.com,James Taylor,robert.martinez@customer.com,Robert Martinez,DataFlow Systems,Product,2024-04-10 13:30:00,2024-04-12 19:30:00,2024-04-12 03:30:00,feature,38.0,5.43
500501,Workflow automation,Customer reported: Workflow automation. Detailed description and context provided.,Configuration Help,solved,high,chris.brown@company.com,Chris Brown,maria.davis@customer.com,Maria Davis,InnovateCo,Technical Support,2024-04-10 13:32:00,2024-04-11 13:32:00,2024-04-10 14:32:00,"training,bug,onboarding",1.0,4.5
500238,Dark mode support,Customer reported: Dark mode support. Detailed description and context provided.,Feature Request,pending,normal,ryan.miller@company.com,Ryan Miller,david.smith@customer.com,David Smith,StartupXYZ,Billing,2024-04-10 13:41:00,2024-04-12 23:41:00,,"vip,urgent",,3.06
500755,Workflow automation,Customer reported: Workflow automation. Detailed description and context provided.,Configuration Help,solved,low,patricia.clark@company.com,Patricia Clark,robert.johnson@customer.com,Robert Johnson,CloudSolutions Ltd,Billing,2024-04-10 13:48:00,2024-04-12 05:48:00,2024-04-13 07:48:00,onboarding,66.0,3.39
500838,Slow dashboard load,Customer reported: Slow dashboard load. Detailed description and context provided.,Performance Issue,solved,high,patricia.clark@company.com,Patricia Clark,david.jones@customer.com,David Jones,Digital Dynamics,Billing,2024-04-10 13:50:00,2024-04-12 05:50:00,2024-04-11 00:50:00,vip,11.0,2.48
500324,Endpoint documentation,Customer reported: Endpoint documentation. Detailed description and context provided.,API Question,solved,high,chris.brown@company.com,Chris Brown,robert.martinez@customer.com,Robert Martinez,StartupXYZ,Product,2024-04-10 14:12:00,2024-04-10 23:12:00,2024-04-10 17:12:00,"integration,vip",3.0,5.05
500887,Email template,Customer reported: Email template. Detailed description and context provided.,Configuration Help,pending,high,jessica.martinez@company.com,Jessica Martinez,robert.miller@customer.com,Robert Miller,Digital Dynamics,Billing,2024-04-10 14:18:00,2024-04-12 20:18:00,,"urgent,bug,escalated",,2.9
500570,Webhook not firing,Customer reported: Webhook not firing. Detailed description and context provided.,Integration Issue,pending,high,jessica.martinez@company.com,Jessica Martinez,james.garcia@customer.com,James Garcia,InnovateCo,Customer Success,2024-04-10 14:18:00,2024-04-13 04:18:00,,"integration,urgent,vip",,6.04
500863,Webhook not firing,Customer reported: Webhook not firing. Detailed description and context provided.,Integration Issue,solved,high,sarah.williams@company.com,Sarah Williams,jennifer.jones@customer.com,Jennifer Jones,DataFlow Systems,Technical Support,2024-04-10 14:20:00,2024-04-11 16:20:00,2024-04-10 20:20:00,"onboarding,integration",6.0,3.23
500628,Setup API integration,Customer reported: Setup API integration. Detailed description and context provided.,How-to Question,solved,normal,robert.lee@company.com,Robert Lee,john.smith@customer.com,John Smith,SmartBusiness Co,Customer Success,2024-04-10 14:30:00,2024-04-13 03:30:00,2024-04-11 06:30:00,"onboarding,feature,escalated",16.0,7.44
500604,Custom reporting,Customer reported: Custom reporting. Detailed description and context provided.,Feature Request,open,high,mike.johnson@company.com,Mike Johnson,emily.davis@customer.com,Emily Davis,DataFlow Systems,Customer Success,2024-04-10 14:36:00,2024-04-12 17:36:00,,"training,onboarding",,7.21
500372,Team workspace creation,Customer reported: Team workspace creation. Detailed description and context provided.,Account Setup,solved,normal,nicole.davis@company.com,Nicole Davis,jennifer.smith@customer.com,Jennifer Smith,InnovateCo,Billing,2024-04-10 14:41:00,2024-04-12 11:41:00,2024-04-12 09:41:00,onboarding,43.0,1.67
500955,IP whitelist setup,Customer reported: IP whitelist setup. Detailed description and context provided.,Security Question,pending,high,laura.anderson@company.com,Laura Anderson,lisa.davis@customer.com,Lisa Davis,Digital Dynamics,Billing,2024-04-10 14:43:00,2024-04-12 17:43:00,,"urgent,feature,onboarding",,6.08
500784,Data retention policy,Customer reported: Data retention policy. Detailed description and context provided.,Security Question,open,high,sarah.williams@company.com,Sarah Williams,maria.martinez@customer.com,Maria Martinez,StartupXYZ,Product,2024-04-10 14:45:00,2024-04-11 07:45:00,,"escalated,urgent,training",,0.72
500487,API timeout,Customer reported: API timeout. Detailed description and context provided.,Integration Issue,solved,low,jessica.martinez@company.com,Jessica Martinez,emily.johnson@customer.com,Emily Johnson,Digital Dynamics,Technical Support,2024-04-10 14:47:00,2024-04-13 13:47:00,2024-04-13 02:47:00,"onboarding,vip,urgent",60.0,7.99
500317,Report generation timeout,Customer reported: Report generation timeout. Detailed description and context provided.,Performance Issue,pending,high,robert.lee@company.com,Robert Lee,david.davis@customer.com,David Davis,InnovateCo,Billing,2024-04-10 14:51:00,2024-04-11 03:51:00,,integration,,4.99
500331,Report generation timeout,Customer reported: Report generation timeout. Detailed description and context provided.,Performance Issue,solved,normal,james.taylor@company.com,James Taylor,maria.williams@customer.com,Maria Williams,TechCorp Inc,Technical Support,2024-04-10 14:55:00,2024-04-13 08:55:00,2024-04-11 11:55:00,"escalated,feature,integration",21.0,0.74
500327,Workflow automation,Customer reported: Workflow automation. Detailed description and context provided.,Configuration Help,solved,normal,chris.brown@company.com,Chris Brown,emily.garcia@customer.com,Emily Garcia,MegaCorp Industries,Technical Support,2024-04-10 14:55:00,2024-04-10 23:55:00,2024-04-11 18:55:00,"urgent,onboarding",28.0,6.74
500778,Webhook retry logic,Customer reported: Webhook retry logic. Detailed description and context provided.,API Question,solved,high,sarah.williams@company.com,Sarah Williams,james.smith@customer.com,James Smith,DataFlow Systems,Customer Success,2024-04-10 14:56:00,2024-04-13 03:56:00,2024-04-10 15:56:00,"escalated,feature",1.0,7.87
500293,Slow dashboard load,Customer reported: Slow dashboard load. Detailed description and context provided.,Performance Issue,pending,low,kevin.wilson@company.com,Kevin Wilson,james.jones@customer.com,James Jones,SmartBusiness Co,Technical Support,2024-04-10 14:58:00,2024-04-12 08:58:00,,"integration,urgent,training",,6.67
500260,CSV contains corrupted files,Customer reported: CSV contains corrupted files. Detailed description and context provided.,Data Export,solved,normal,lisa.moore@company.com,Lisa Moore,jennifer.brown@customer.com,Jennifer Brown,SmartBusiness Co,Billing,2024-04-10 15:18:00,2024-04-10 22:18:00,2024-04-12 11:18:00,escalated,44.0,4.47
500868,Webhook not firing,Customer reported: Webhook not firing. Detailed description and context provided.,Integration Issue,solved,high,sarah.williams@company.com,Sarah Williams,maria.garcia@customer.com,Maria Garcia,Digital Dynamics,Technical Support,2024-04-10 15:29:00,2024-04-13 04:29:00,2024-04-10 23:29:00,"escalated,bug,urgent",8.0,7.78
500248,Search delays,Customer reported: Search delays. Detailed description and context provided.,Performance Issue,solved,normal,emily.chen@company.com,Emily Chen,emily.smith@customer.com,Emily Smith,Digital Dynamics,Billing,2024-04-10 15:38:00,2024-04-12 19:38:00,2024-04-10 21:38:00,"onboarding,urgent",6.0,3.03
500491,Team workspace creation,Customer reported: Team workspace creation. Detailed description and context provided.,Account Setup,solved,normal,nicole.davis@company.com,Nicole Davis,david.davis@customer.com,David Davis,Digital Dynamics,Product,2024-04-10 15:39:00,2024-04-13 10:39:00,2024-04-12 02:39:00,"integration,training,bug",35.0,6.57
500443,Data retention policy,Customer reported: Data retention policy. Detailed description and context provided.,Security Question,solved,high,jessica.martinez@company.com,Jessica Martinez,robert.williams@customer.com,Robert Williams,Digital Dynamics,Customer Success,2024-04-10 16:11:00,2024-04-12 22:11:00,2024-04-10 22:11:00,urgent,6.0,1.5
500688,IP whitelist setup,Customer reported: IP whitelist setup. Detailed description and context provided.,Security Question,solved,normal,chris.brown@company.com,Chris Brown,robert.davis@customer.com,Robert Davis,SmartBusiness Co,Billing,2024-04-10 16:17:00,2024-04-11 20:17:00,2024-04-12 09:17:00,"integration,bug,vip",41.0,2.72
500834,Mobile app freeze,Customer reported: Mobile app freeze. Detailed description and context provided.,Bug Report,solved,high,david.rodriguez@company.com,David Rodriguez,sarah.garcia@customer.com,Sarah Garcia,StartupXYZ,Customer Success,2024-04-10 16:39:00,2024-04-10 19:39:00,2024-04-11 16:39:00,"vip,onboarding,urgent",24.0,4.39
500794,Team workspace creation,Customer reported: Team workspace creation. Detailed description and context provided.,Account Setup,pending,normal,james.taylor@company.com,James Taylor,david.smith@customer.com,David Smith,DataFlow Systems,Product,2024-04-10 16:47:00,2024-04-13 15:47:00,,training,,4.31
500175,Data export fails,Customer reported: Data export fails. Detailed description and context provided.,Bug Report,pending,high,michael.thompson@company.com,Michael Thompson,jennifer.davis@customer.com,Jennifer Davis,InnovateCo,Customer Success,2024-04-10 16:49:00,2024-04-12 10:49:00,,"escalated,feature",,1.89
500642,API timeout,Customer reported: API timeout. Detailed description and context provided.,Integration Issue,open,high,emily.chen@company.com,Emily Chen,michael.davis@customer.com,Michael Davis,DataFlow Systems,Technical Support,2024-04-10 16:50:00,2024-04-11 04:50:00,,"feature,vip",,2.09
500842,Permission configuration,Customer reported: Permission configuration. Detailed description and context provided.,Account Setup,solved,high,emily.chen@company.com,Emily Chen,james.jones@customer.com,James Jones,StartupXYZ,Technical Support,2024-04-10 16:53:00,2024-04-11 22:53:00,2024-04-10 18:53:00,urgent,2.0,2.91
500730,Data export fails,Customer reported: Data export fails. Detailed description and context provided.,Bug Report,solved,high,james.taylor@company.com,James Taylor,james.brown@customer.com,James Brown,InnovateCo,Customer Success,2024-04-10 16:59:00,2024-04-13 09:59:00,2024-04-11 11:59:00,"escalated,urgent",19.0,1.97
500149,Custom field setup,Customer reported: Custom field setup. Detailed description and context provided.,Configuration Help,solved,normal,maria.hernandez@company.com,Maria Hernandez,jennifer.jones@customer.com,Jennifer Jones,CloudSolutions Ltd,Sales,2024-04-10 17:00:00,2024-04-12 00:00:00,2024-04-11 00:00:00,"integration,onboarding",7.0,1.38
500094,Webhook not firing,Customer reported: Webhook not firing. Detailed description and context provided.,Integration Issue,solved,normal,james.taylor@company.com,James Taylor,lisa.johnson@customer.com,Lisa Johnson,TechCorp Inc,Technical Support,2024-04-10 17:03:00,2024-04-11 21:03:00,2024-04-11 05:03:00,"escalated,vip",12.0,1.47
500482,Salesforce sync stopped,Customer reported: Salesforce sync stopped. Detailed description and context provided.,Integration Issue,solved,low,amanda.taylor@company.com,Amanda Taylor,sarah.johnson@customer.com,Sarah Johnson,FutureWorks LLC,Technical Support,2024-04-10 17:03:00,2024-04-10 23:03:00,2024-04-11 09:03:00,feature,16.0,1.89
500221,Search delays,Customer reported: Search delays. Detailed description and context provided.,Performance Issue,solved,high,emily.chen@company.com,Emily Chen,lisa.davis@customer.com,Lisa Davis,Enterprise Global,Billing,2024-04-10 17:03:00,2024-04-12 03:03:00,2024-04-11 04:03:00,vip,11.0,7.58
500012,Setup API integration,Customer reported: Setup API integration. Detailed description and context provided.,How-to Question,solved,normal,laura.anderson@company.com,Laura Anderson,jennifer.rodriguez@customer.com,Jennifer Rodriguez,CloudSolutions Ltd,Customer Success,2024-04-10 17:05:00,2024-04-11 02:05:00,2024-04-12 07:05:00,"escalated,vip",38.0,7.47
500454,Application crash on login,Customer reported: Application crash on login. Detailed description and context provided.,Bug Report,open,low,ryan.miller@company.com,Ryan Miller,jennifer.rodriguez@customer.com,Jennifer Rodriguez,TechCorp Inc,Technical Support,2024-04-10 17:09:00,2024-04-12 23:09:00,,"escalated,feature",,6.57
500043,CSV contains corrupted files,Customer reported: CSV contains corrupted files. Detailed description and context provided.,Data Export,solved,normal,maria.hernandez@company.com,Maria Hernandez,michael.jones@customer.com,Michael Jones,DataFlow Systems,Technical Support,2024-04-10 17:13:00,2024-04-12 17:13:00,2024-04-11 07:13:00,"urgent,bug,integration",14.0,5.58
500159,Slack notifications failed,Customer reported: Slack notifications failed. Detailed description and context provided.,Integration Issue,solved,high,nicole.davis@company.com,Nicole Davis,robert.brown@customer.com,Robert Brown,MegaCorp Industries,Technical Support,2024-04-10 17:20:00,2024-04-12 11:20:00,2024-04-11 01:20:00,"integration,urgent",8.0,4.68
500997,2FA issues,Customer reported: 2FA issues. Detailed description and context provided.,Login Problem,open,normal,kevin.wilson@company.com,Kevin Wilson,emily.miller@customer.com,Emily Miller,CloudSolutions Ltd,Technical Support,2024-04-10 17:23:00,2024-04-12 22:23:00,,"vip,integration",,5.39
500638,Subscription upgrade,Customer reported: Subscription upgrade. Detailed description and context provided.,Billing Inquiry,solved,high,patricia.clark@company.com,Patricia Clark,james.miller@customer.com,James Miller,FutureWorks LLC,Technical Support,2024-04-10 17:27:00,2024-04-12 13:27:00,2024-04-11 04:27:00,onboarding,11.0,7.05
500394,Data retention policy,Customer reported: Data retention policy. Detailed description and context provided.,Security Question,pending,normal,nicole.davis@company.com,Nicole Davis,john.johnson@customer.com,John Johnson,Enterprise Global,Technical Support,2024-04-10 17:36:00,2024-04-13 04:36:00,,"onboarding,feature",,6.65
500843,Webhook retry logic,Customer reported: Webhook retry logic. Detailed description and context provided.,API Question,solved,normal,jessica.martinez@company.com,Jessica Martinez,lisa.brown@customer.com,Lisa Brown,StartupXYZ,Technical Support,2024-04-10 17:38:00,2024-04-13 17:38:00,2024-04-12 04:38:00,"training,integration",35.0,4.66
500047,Password reset not working,Customer reported: Password reset not working. Detailed description and context provided.,Login Problem,pending,normal,david.rodriguez@company.com,David Rodriguez,jennifer.brown@customer.com,Jennifer Brown,StartupXYZ,Sales,2024-04-10 17:39:00,2024-04-13 09:39:00,,"onboarding,bug",,7.1
500442,Audit log access,Customer reported: Audit log access. Detailed description and context provided.,Security Question,pending,high,jessica.martinez@company.com,Jessica Martinez,lisa.johnson@customer.com,Lisa Johnson,FutureWorks LLC,Technical Support,2024-04-10 17:51:00,2024-04-12 13:51:00,,"bug,training,vip",,6.23
500448,IP whitelist setup,Customer reported: IP whitelist setup. Detailed description and context provided.,Security Question,open,normal,amanda.taylor@company.com,Amanda Taylor,robert.williams@customer.com,Robert Williams,CloudSolutions Ltd,Customer Success,2024-04-10 17:51:00,2024-04-11 07:51:00,,training,,4.36
500857,SLA configuration,Customer reported: SLA configuration. Detailed description and context provided.,Configuration Help,solved,high,james.taylor@company.com,James Taylor,jennifer.williams@customer.com,Jennifer Williams,Digital Dynamics,Billing,2024-04-10 17:52:00,2024-04-13 06:52:00,2024-04-11 13:52:00,"vip,urgent,bug",20.0,0.72
500861,Bulk edit capability,Customer reported: Bulk edit capability. Detailed description and context provided.,Feature Request,pending,high,mike.johnson@company.com,Mike Johnson,sarah.williams@customer.com,Sarah Williams,StartupXYZ,Billing,2024-04-10 17:53:00,2024-04-11 08:53:00,,"urgent,escalated,vip",,6.42
500160,Webhook retry logic,Customer reported: Webhook retry logic. Detailed description and context provided.,API Question,pending,normal,nicole.davis@company.com,Nicole Davis,john.garcia@customer.com,John Garcia,MegaCorp Industries,Billing,2024-04-10 17:56:00,2024-04-13 00:56:00,,"onboarding,training,feature",,3.56
500283,API timeout,Customer reported: API timeout. Detailed description and context provided.,Integration Issue,pending,high,mike.johnson@company.com,Mike Johnson,michael.williams@customer.com,Michael Williams,MegaCorp Industries,Billing,2024-04-10 17:58:00,2024-04-12 13:58:00,,"integration,escalated,onboarding",,4.61
500729,Dark mode support,Customer reported: Dark mode support. Detailed description and context provided.,Feature Request,open,normal,jennifer.garcia@company.com,Jennifer Garcia,john.martinez@customer.com,John Martinez,MegaCorp Industries,Product,2024-04-10 17:59:00,2024-04-11 05:59:00,,training,,6.12
500871,Setup API integration,Customer reported: Setup API integration. Detailed description and context provided.,How-to Question,solved,normal,maria.hernandez@company.com,Maria Hernandez,emily.miller@customer.com,Emily Miller,DataFlow Systems,Technical Support,2024-04-11 08:09:00,2024-04-13 00:09:00,2024-04-11 17:09:00,"feature,vip,onboarding",9.0,4.67
500694,Domain setup,Customer reported: Domain setup. Detailed description and context provided.,Account Setup,solved,normal,james.taylor@company.com,James Taylor,sarah.rodriguez@customer.com,Sarah Rodriguez,CloudSolutions Ltd,Technical Support,2024-04-11 08:38:00,2024-04-13 15:38:00,2024-04-12 03:38:00,"urgent,integration,training",19.0,3.33
500004,IP whitelist setup,Customer reported: IP whitelist setup. Detailed description and context provided.,Security Question,open,normal,kevin.wilson@company.com,Kevin Wilson,john.brown@customer.com,John Brown,Enterprise Global,Sales,2024-04-11 08:39:00,2024-04-12 09:39:00,,feature,,7.0
500422,Data export fails,Customer reported: Data export fails. Detailed description and context provided.,Bug Report,solved,high,amanda.taylor@company.com,Amanda Taylor,robert.smith@customer.com,Robert Smith,Digital Dynamics,Technical Support,2024-04-11 08:42:00,2024-04-13 00:42:00,2024-04-12 04:42:00,"training,integration",20.0,6.0
500390,Search delays,Customer reported: Search delays. Detailed description and context provided.,Performance Issue,solved,low,chris.brown@company.com,Chris Brown,david.davis@customer.com,David Davis,Enterprise Global,Technical Support,2024-04-11 08:55:00,2024-04-12 07:55:00,2024-04-11 22:55:00,"bug,urgent,vip",14.0,7.7
500434,Application crash on login,Customer reported: Application crash on login. Detailed description and context provided.,Bug Report,open,high,kevin.wilson@company.com,Kevin Wilson,sarah.martinez@customer.com,Sarah Martinez,Enterprise Global,Product,2024-04-11 09:06:00,2024-04-11 23:06:00,,"urgent,feature",,1.62
500670,How to export data to CSV,Customer reported: How to export data to CSV. Detailed description and context provided.,How-to Question,open,normal,james.taylor@company.com,James Taylor,lisa.williams@customer.com,Lisa Williams,SmartBusiness Co,Billing,2024-04-11 09:59:00,2024-04-12 14:59:00,,"urgent,feature",,4.22
500431,Report generation timeout,Customer reported: Report generation timeout. Detailed description and context provided.,Performance Issue,pending,normal,david.rodriguez@company.com,David Rodriguez,sarah.williams@customer.com,Sarah Williams,Enterprise Global,Billing,2024-04-11 10:07:00,2024-04-12 03:07:00,,"training,onboarding",,7.52
500569,Refund request,Customer reported: Refund request. Detailed description and context provided.,Billing Inquiry,solved,low,amanda.taylor@company.com,Amanda Taylor,robert.davis@customer.com,Robert Davis,TechCorp Inc,Billing,2024-04-11 10:32:00,2024-04-13 10:32:00,2024-04-12 15:32:00,training,29.0,7.71
500440,GDPR compliance,Customer reported: GDPR compliance. Detailed description and context provided.,Security Question,solved,high,lisa.moore@company.com,Lisa Moore,sarah.smith@customer.com,Sarah Smith,CloudSolutions Ltd,Technical Support,2024-04-11 10:33:00,2024-04-14 07:33:00,2024-04-11 15:33:00,"urgent,feature",5.0,7.3
500379,Payment method update,Customer reported: Payment method update. Detailed description and context provided.,Billing Inquiry,open,high,kevin.wilson@company.com,Kevin Wilson,james.jones@customer.com,James Jones,FutureWorks LLC,Product,2024-04-11 10:39:00,2024-04-13 16:39:00,,"training,integration",,1.49
500144,SLA configuration,Customer reported: SLA configuration. Detailed description and context provided.,Configuration Help,solved,low,mike.johnson@company.com,Mike Johnson,jennifer.brown@customer.com,Jennifer Brown,Enterprise Global,Customer Success,2024-04-11 10:49:00,2024-04-12 07:49:00,2024-04-13 22:49:00,"integration,onboarding",60.0,0.94
500295,Audit log access,Customer reported: Audit log access. Detailed description and context provided.,Security Question,solved,high,sarah.williams@company.com,Sarah Williams,sarah.williams@customer.com,Sarah Williams,TechCorp Inc,Customer Success,2024-04-11 10:49:00,2024-04-12 13:49:00,2024-04-12 04:49:00,"onboarding,urgent",18.0,1.16
500463,Domain setup,Customer reported: Domain setup. Detailed description and context provided.,Account Setup,solved,high,james.taylor@company.com,James Taylor,david.martinez@customer.com,David Martinez,CloudSolutions Ltd,Sales,2024-04-11 10:50:00,2024-04-14 06:50:00,2024-04-12 04:50:00,"bug,escalated",18.0,2.45
500766,Invoice discrepancy,Customer reported: Invoice discrepancy. Detailed description and context provided.,Billing Inquiry,solved,normal,sarah.williams@company.com,Sarah Williams,emily.miller@customer.com,Emily Miller,DataFlow Systems,Technical Support,2024-04-11 11:09:00,2024-04-13 19:09:00,2024-04-12 14:09:00,"training,integration",27.0,1.81
500803,2FA issues,Customer reported: 2FA issues. Detailed description and context provided.,Login Problem,solved,high,david.rodriguez@company.com,David Rodriguez,maria.brown@customer.com,Maria Brown,TechCorp Inc,Sales,2024-04-11 11:19:00,2024-04-11 15:19:00,2024-04-12 07:19:00,"escalated,training",20.0,3.71
500831,Audit log access,Customer reported: Audit log access. Detailed description and context provided.,Security Question,solved,high,tom.anderson@company.com,Tom Anderson,michael.davis@customer.com,Michael Davis,Digital Dynamics,Customer Success,2024-04-11 11:27:00,2024-04-12 02:27:00,2024-04-11 23:27:00,"escalated,onboarding,vip",12.0,0.72
500603,Cannot access account,Customer reported: Cannot access account. Detailed description and context provided.,Login Problem,solved,high,jennifer.garcia@company.com,Jennifer Garcia,maria.smith@customer.com,Maria Smith,CloudSolutions Ltd,Technical Support,2024-04-11 11:48:00,2024-04-14 08:48:00,2024-04-11 21:48:00,onboarding,10.0,4.76
500633,Advanced filtering,Customer reported: Advanced filtering. Detailed description and context provided.,Feature Request,solved,normal,ryan.miller@company.com,Ryan Miller,michael.jones@customer.com,Michael Jones,InnovateCo,Technical Support,2024-04-11 11:56:00,2024-04-13 16:56:00,2024-04-11 20:56:00,"escalated,onboarding,bug",9.0,0.55
500658,SLA configuration,Customer reported: SLA configuration. Detailed description and context provided.,Configuration Help,solved,normal,maria.hernandez@company.com,Maria Hernandez,michael.martinez@customer.com,Michael Martinez,Digital Dynamics,Billing,2024-04-11 12:00:00,2024-04-14 07:00:00,2024-04-12 10:00:00,"onboarding,integration,bug",22.0,5.05
500866,Scheduled export,Customer reported: Scheduled export. Detailed description and context provided.,Data Export,solved,normal,james.taylor@company.com,James Taylor,maria.smith@customer.com,Maria Smith,StartupXYZ,Billing,2024-04-11 12:11:00,2024-04-13 06:11:00,2024-04-12 15:11:00,"vip,onboarding,bug",27.0,7.02
500033,Advanced filtering,Customer reported: Advanced filtering. Detailed description and context provided.,Feature Request,solved,high,chris.brown@company.com,Chris Brown,robert.martinez@customer.com,Robert Martinez,StartupXYZ,Technical Support,2024-04-11 12:13:00,2024-04-12 10:13:00,2024-04-12 10:13:00,feature,22.0,5.55
500992,CSV contains corrupted files,Customer reported: CSV contains corrupted files. Detailed description and context provided.,Data Export,solved,normal,lisa.moore@company.com,Lisa Moore,emily.smith@customer.com,Emily Smith,FutureWorks LLC,Technical Support,2024-04-11 12:14:00,2024-04-11 20:14:00,2024-04-12 16:14:00,"vip,urgent,onboarding",28.0,6.68
500346,Email template,Customer reported: Email template. Detailed description and context provided.,Configuration Help,solved,high,kevin.wilson@company.com,Kevin Wilson,james.brown@customer.com,James Brown,DataFlow Systems,Customer Success,2024-04-11 12:15:00,2024-04-12 23:15:00,2024-04-11 22:15:00,bug,10.0,2.67
500795,Application crash on login,Customer reported: Application crash on login. Detailed description and context provided.,Bug Report,solved,normal,daniel.white@company.com,Daniel White,emily.rodriguez@customer.com,Emily Rodriguez,FutureWorks LLC,Technical Support,2024-04-11 12:22:00,2024-04-12 18:22:00,2024-04-11 17:22:00,"urgent,integration",5.0,4.12
500767,Slack notifications failed,Customer reported: Slack notifications failed. Detailed description and context provided.,Integration Issue,open,normal,mike.johnson@company.com,Mike Johnson,john.martinez@customer.com,John Martinez,SmartBusiness Co,Customer Success,2024-04-11 12:22:00,2024-04-13 00:22:00,,"onboarding,escalated,integration",,1.42
500045,Custom reporting,Customer reported: Custom reporting. Detailed description and context provided.,Feature Request,solved,high,mike.johnson@company.com,Mike Johnson,lisa.davis@customer.com,Lisa Davis,CloudSolutions Ltd,Product,2024-04-11 12:23:00,2024-04-13 18:23:00,2024-04-12 04:23:00,"bug,onboarding",16.0,4.41
500790,Endpoint documentation,Customer reported: Endpoint documentation. Detailed description and context provided.,API Question,open,high,nicole.davis@company.com,Nicole Davis,sarah.johnson@customer.com,Sarah Johnson,Digital Dynamics,Customer Success,2024-04-11 12:24:00,2024-04-12 05:24:00,,urgent,,5.01
500103,Bulk edit capability,Customer reported: Bulk edit capability. Detailed description and context provided.,Feature Request,solved,high,chris.brown@company.com,Chris Brown,lisa.jones@customer.com,Lisa Jones,MegaCorp Industries,Customer Success,2024-04-11 12:24:00,2024-04-12 08:24:00,2024-04-11 23:24:00,vip,11.0,2.82
500877,IP whitelist setup,Customer reported: IP whitelist setup. Detailed description and context provided.,Security Question,solved,normal,chris.brown@company.com,Chris Brown,maria.davis@customer.com,Maria Davis,SmartBusiness Co,Billing,2024-04-11 12:25:00,2024-04-13 19:25:00,2024-04-12 08:25:00,"training,onboarding",20.0,3.01
500419,SLA configuration,Customer reported: SLA configuration. Detailed description and context provided.,Configuration Help,open,normal,kevin.wilson@company.com,Kevin Wilson,jennifer.martinez@customer.com,Jennifer Martinez,MegaCorp Industries,Technical Support,2024-04-11 12:27:00,2024-04-12 06:27:00,,"bug,feature,integration",,3.68
500347,Cannot access account,Customer reported: Cannot access account. Detailed description and context provided.,Login Problem,pending,normal,sarah.williams@company.com,Sarah Williams,michael.smith@customer.com,Michael Smith,SmartBusiness Co,Billing,2024-04-11 12:29:00,2024-04-12 13:29:00,,bug,,7.79
500739,Session timeout,Customer reported: Session timeout. Detailed description and context provided.,Login Problem,open,normal,lisa.moore@company.com,Lisa Moore,maria.martinez@customer.com,Maria Martinez,SmartBusiness Co,Customer Success,2024-04-11 12:38:00,2024-04-13 08:38:00,,bug,,4.41
500788,Session timeout,Customer reported: Session timeout. Detailed description and context provided.,Login Problem,solved,normal,amanda.taylor@company.com,Amanda Taylor,maria.rodriguez@customer.com,Maria Rodriguez,DataFlow Systems,Billing,2024-04-11 12:42:00,2024-04-12 06:42:00,2024-04-11 16:42:00,"bug,onboarding",4.0,5.97
500655,Bulk edit capability,Customer reported: Bulk edit capability. Detailed description and context provided.,Feature Request,solved,high,maria.hernandez@company.com,Maria Hernandez,james.smith@customer.com,James Smith,MegaCorp Industries,Billing,2024-04-11 12:44:00,2024-04-12 01:44:00,2024-04-11 23:44:00,"training,urgent,integration",11.0,6.78
500006,Data export fails,Customer reported: Data export fails. Detailed description and context provided.,Bug Report,solved,high,jessica.martinez@company.com,Jessica Martinez,james.jones@customer.com,James Jones,DataFlow Systems,Billing,2024-04-11 12:44:00,2024-04-11 20:44:00,2024-04-11 20:44:00,onboarding,8.0,2.09
500783,Email template,Customer reported: Email template. Detailed description and context provided.,Configuration Help,solved,normal,kevin.wilson@company.com,Kevin Wilson,james.johnson@customer.com,James Johnson,Digital Dynamics,Billing,2024-04-11 12:46:00,2024-04-12 06:46:00,2024-04-12 09:46:00,"training,integration",21.0,5.44
500171,New user onboarding,Customer reported: New user onboarding. Detailed description and context provided.,Account Setup,solved,normal,ryan.miller@company.com,Ryan Miller,john.williams@customer.com,John Williams,DataFlow Systems,Product,2024-04-11 12:48:00,2024-04-13 13:48:00,2024-04-13 03:48:00,"escalated,onboarding",39.0,6.38
500474,Report generation timeout,Customer reported: Report generation timeout. Detailed description and context provided.,Performance Issue,pending,normal,daniel.white@company.com,Daniel White,jennifer.brown@customer.com,Jennifer Brown,TechCorp Inc,Billing,2024-04-11 12:53:00,2024-04-13 01:53:00,,integration,,4.2
500435,Slow dashboard load,Customer reported: Slow dashboard load. Detailed description and context provided.,Performance Issue,open,high,sarah.williams@company.com,Sarah Williams,robert.davis@customer.com,Robert Davis,Digital Dynamics,Customer Success,2024-04-11 13:00:00,2024-04-13 08:00:00,,"escalated,training",,5.96
500380,Slack notifications failed,Customer reported: Slack notifications failed. Detailed description and context provided.,Integration Issue,solved,high,chris.brown@company.com,Chris Brown,james.williams@customer.com,James Williams,FutureWorks LLC,Billing,2024-04-11 13:08:00,2024-04-12 15:08:00,2024-04-11 18:08:00,onboarding,5.0,1.01
500046,Search delays,Customer reported: Search delays. Detailed description and context provided.,Performance Issue,pending,low,emily.chen@company.com,Emily Chen,lisa.brown@customer.com,Lisa Brown,DataFlow Systems,Customer Success,2024-04-11 13:17:00,2024-04-14 01:17:00,,"training,vip",,6.13
500925,Email template,Customer reported: Email template. Detailed description and context provided.,Configuration Help,pending,normal,maria.hernandez@company.com,Maria Hernandez,sarah.williams@customer.com,Sarah Williams,FutureWorks LLC,Billing,2024-04-11 13:27:00,2024-04-12 09:27:00,,"training,integration",,6.36
500402,Webhook not firing,Customer reported: Webhook not firing. Detailed description and context provided.,Integration Issue,pending,high,emily.chen@company.com,Emily Chen,john.jones@customer.com,John Jones,MegaCorp Industries,Customer Success,2024-04-11 13:34:00,2024-04-12 04:34:00,,training,,7.08
500966,CSV contains corrupted files,Customer reported: CSV contains corrupted files. Detailed description and context provided.,Data Export,pending,normal,robert.lee@company.com,Robert Lee,jennifer.martinez@customer.com,Jennifer Martinez,Digital Dynamics,Technical Support,2024-04-11 13:35:00,2024-04-13 00:35:00,,"escalated,urgent",,7.65
500035,Payment method update,Customer reported: Payment method update. Detailed description and context provided.,Billing Inquiry,solved,high,emily.chen@company.com,Emily Chen,robert.davis@customer.com,Robert Davis,TechCorp Inc,Product,2024-04-11 13:44:00,2024-04-12 03:44:00,2024-04-12 03:44:00,"feature,escalated,urgent",14.0,3.92
500632,Authentication error,Customer reported: Authentication error. Detailed description and context provided.,API Question,open,normal,jessica.martinez@company.com,Jessica Martinez,james.williams@customer.com,James Williams,MegaCorp Industries,Customer Success,2024-04-11 13:45:00,2024-04-12 00:45:00,,"integration,training",,7.76
500151,Permission configuration,Customer reported: Permission configuration. Detailed description and context provided.,Account Setup,solved,normal,james.taylor@company.com,James Taylor,sarah.martinez@customer.com,Sarah Martinez,DataFlow Systems,Billing,2024-04-11 13:52:00,2024-04-12 00:52:00,2024-04-13 02:52:00,feature,37.0,4.8
500577,Bulk data retrieval,Customer reported: Bulk data retrieval. Detailed description and context provided.,Data Export,open,high,maria.hernandez@company.com,Maria Hernandez,robert.davis@customer.com,Robert Davis,TechCorp Inc,Technical Support,2024-04-11 14:01:00,2024-04-14 11:01:00,,"urgent,escalated",,7.54
500626,Page load errors,Customer reported: Page load errors. Detailed description and context provided.,Performance Issue,solved,high,nicole.davis@company.com,Nicole Davis,michael.davis@customer.com,Michael Davis,Digital Dynamics,Billing,2024-04-11 14:12:00,2024-04-12 01:12:00,2024-04-12 02:12:00,"escalated,training",12.0,1.67
500608,Export format options,Customer reported: Export format options. Detailed description and context provided.,Data Export,solved,high,mike.johnson@company.com,Mike Johnson,robert.garcia@customer.com,Robert Garcia,FutureWorks LLC,Customer Success,2024-04-11 14:29:00,2024-04-11 23:29:00,2024-04-12 03:29:00,"training,feature",13.0,4.82
500182,Search delays,Customer reported: Search delays. Detailed description and context provided.,Performance Issue,open,high,jennifer.garcia@company.com,Jennifer Garcia,james.garcia@customer.com,James Garcia,DataFlow Systems,Technical Support,2024-04-11 14:31:00,2024-04-13 08:31:00,,"feature,integration,escalated",,1.85
500396,Search delays,Customer reported: Search delays. Detailed description and context provided.,Performance Issue,open,normal,daniel.white@company.com,Daniel White,david.rodriguez@customer.com,David Rodriguez,FutureWorks LLC,Technical Support,2024-04-11 14:33:00,2024-04-13 03:33:00,,"onboarding,vip,integration",,4.72
500615,Custom field setup,Customer reported: Custom field setup. Detailed description and context provided.,Configuration Help,solved,high,amanda.taylor@company.com,Amanda Taylor,james.jones@customer.com,James Jones,Digital Dynamics,Product,2024-04-11 14:34:00,2024-04-14 09:34:00,2024-04-12 11:34:00,urgent,21.0,0.86
500077,How to export data to CSV,Customer reported: How to export data to CSV. Detailed description and context provided.,How-to Question,solved,high,patricia.clark@company.com,Patricia Clark,john.jones@customer.com,John Jones,Digital Dynamics,Customer Success,2024-04-11 14:52:00,2024-04-13 19:52:00,2024-04-11 18:52:00,vip,4.0,2.26
500053,Invoice discrepancy,Customer reported: Invoice discrepancy. Detailed description and context provided.,Billing Inquiry,solved,high,jennifer.garcia@company.com,Jennifer Garcia,robert.miller@customer.com,Robert Miller,FutureWorks LLC,Technical Support,2024-04-11 15:03:00,2024-04-13 06:03:00,2024-04-11 18:03:00,"feature,escalated,integration",3.0,3.35
500718,Custom reporting,Customer reported: Custom reporting. Detailed description and context provided.,Feature Request,solved,normal,jessica.martinez@company.com,Jessica Martinez,robert.davis@customer.com,Robert Davis,Enterprise Global,Customer Success,2024-04-11 15:08:00,2024-04-13 08:08:00,2024-04-12 18:08:00,"urgent,integration,onboarding",27.0,0.93
500256,Payment method update,Customer reported: Payment method update. Detailed description and context provided.,Billing Inquiry,open,normal,nicole.davis@company.com,Nicole Davis,robert.brown@customer.com,Robert Brown,TechCorp Inc,Product,2024-04-11 15:20:00,2024-04-13 06:20:00,,"escalated,onboarding,bug",,5.61
500072,Audit log access,Customer reported: Audit log access. Detailed description and context provided.,Security Question,solved,high,jessica.martinez@company.com,Jessica Martinez,david.brown@customer.com,David Brown,FutureWorks LLC,Technical Support,2024-04-11 15:25:00,2024-04-11 22:25:00,2024-04-12 11:25:00,"feature,onboarding",20.0,1.93
500493,Domain setup,Customer reported: Domain setup. Detailed description and context provided.,Account Setup,pending,low,maria.hernandez@company.com,Maria Hernandez,michael.jones@customer.com,Michael Jones,MegaCorp Industries,Customer Success,2024-04-11 15:55:00,2024-04-12 13:55:00,,"vip,integration",,5.56
500827,Subscription upgrade,Customer reported: Subscription upgrade. Detailed description and context provided.,Billing Inquiry,solved,high,mike.johnson@company.com,Mike Johnson,jennifer.williams@customer.com,Jennifer Williams,Digital Dynamics,Technical Support,2024-04-11 16:00:00,2024-04-12 21:00:00,2024-04-12 14:00:00,training,22.0,2.62
500389,Create custom fields,Customer reported: Create custom fields. Detailed description and context provided.,How-to Question,solved,high,mike.johnson@company.com,Mike Johnson,robert.miller@customer.com,Robert Miller,TechCorp Inc,Customer Success,2024-04-11 16:23:00,2024-04-14 10:23:00,2024-04-12 12:23:00,onboarding,20.0,4.74
500961,Report generation timeout,Customer reported: Report generation timeout. Detailed description and context provided.,Performance Issue,open,high,emily.chen@company.com,Emily Chen,james.johnson@customer.com,James Johnson,Enterprise Global,Technical Support,2024-04-11 16:25:00,2024-04-13 14:25:00,,"vip,bug,training",,3.82
500432,Data retention policy,Customer reported: Data retention policy. Detailed description and context provided.,Security Question,open,normal,kevin.wilson@company.com,Kevin Wilson,david.williams@customer.com,David Williams,DataFlow Systems,Technical Support,2024-04-11 16:29:00,2024-04-13 23:29:00,,"urgent,feature",,3.41
500494,Authentication error,Customer reported: Authentication error. Detailed description and context provided.,API Question,pending,high,amanda.taylor@company.com,Amanda Taylor,robert.smith@customer.com,Robert Smith,MegaCorp Industries,Technical Support,2024-04-11 16:35:00,2024-04-14 05:35:00,,"training,integration",,7.78
500700,API timeout,Customer reported: API timeout. Detailed description and context provided.,Integration Issue,solved,high,jennifer.garcia@company.com,Jennifer Garcia,lisa.jones@customer.com,Lisa Jones,DataFlow Systems,Technical Support,2024-04-11 16:43:00,2024-04-13 13:43:00,2024-04-11 20:43:00,bug,4.0,6.33
500001,IP whitelist setup,Customer reported: IP whitelist setup. Detailed description and context provided.,Security Question,solved,normal,david.rodriguez@company.com,David Rodriguez,robert.johnson@customer.com,Robert Johnson,FutureWorks LLC,Customer Success,2024-04-11 17:07:00,2024-04-12 22:07:00,2024-04-12 05:07:00,"urgent,training",12.0,1.2
500340,Payment method update,Customer reported: Payment method update. Detailed description and context provided.,Billing Inquiry,open,high,nicole.davis@company.com,Nicole Davis,james.johnson@customer.com,James Johnson,DataFlow Systems,Technical Support,2024-04-11 17:16:00,2024-04-12 04:16:00,,training,,4.61
500120,SLA configuration,Customer reported: SLA configuration. Detailed description and context provided.,Configuration Help,solved,low,ryan.miller@company.com,Ryan Miller,lisa.garcia@customer.com,Lisa Garcia,Digital Dynamics,Billing,2024-04-11 17:23:00,2024-04-11 22:23:00,2024-04-12 20:23:00,bug,27.0,4.47
500368,Export format options,Customer reported: Export format options. Detailed description and context provided.,Data Export,solved,normal,michael.thompson@company.com,Michael Thompson,lisa.rodriguez@customer.com,Lisa Rodriguez,InnovateCo,Product,2024-04-11 17:24:00,2024-04-13 10:24:00,2024-04-13 07:24:00,urgent,38.0,5.55
500227,API timeout,Customer reported: API timeout. Detailed description and context provided.,Integration Issue,solved,normal,michael.thompson@company.com,Michael Thompson,michael.smith@customer.com,Michael Smith,FutureWorks LLC,Customer Success,2024-04-11 17:27:00,2024-04-12 17:27:00,2024-04-12 14:27:00,"feature,onboarding,bug",21.0,4.24
500839,Search delays,Customer reported: Search delays. Detailed description and context provided.,Performance Issue,solved,normal,ryan.miller@company.com,Ryan Miller,jennifer.jones@customer.com,Jennifer Jones,SmartBusiness Co,Technical Support,2024-04-11 17:36:00,2024-04-12 05:36:00,2024-04-12 11:36:00,"feature,training,urgent",18.0,7.95
500692,Slack notifications failed,Customer reported: Slack notifications failed. Detailed description and context provided.,Integration Issue,solved,high,patricia.clark@company.com,Patricia Clark,maria.miller@customer.com,Maria Miller,CloudSolutions Ltd,Product,2024-04-11 17:38:00,2024-04-12 22:38:00,2024-04-12 04:38:00,"feature,onboarding",11.0,5.95
500892,Refund request,Customer reported: Refund request. Detailed description and context provided.,Billing Inquiry,pending,normal,jessica.martinez@company.com,Jessica Martinez,jennifer.davis@customer.com,Jennifer Davis,Enterprise Global,Technical Support,2024-04-11 17:40:00,2024-04-13 20:40:00,,"bug,escalated",,1.83
500531,API timeout,Customer reported: API timeout. Detailed description and context provided.,Integration Issue,solved,normal,kevin.wilson@company.com,Kevin Wilson,james.johnson@customer.com,James Johnson,Digital Dynamics,Technical Support,2024-04-11 17:45:00,2024-04-14 13:45:00,2024-04-12 02:45:00,"bug,vip",9.0,5.63
500138,Workflow automation,Customer reported: Workflow automation. Detailed description and context provided.,Configuration Help,pending,high,laura.anderson@company.com,Laura Anderson,john.martinez@customer.com,John Martinez,DataFlow Systems,Billing,2024-04-11 17:46:00,2024-04-12 12:46:00,,urgent,,3.81
500040,Rate limit exceeded,Customer reported: Rate limit exceeded. Detailed description and context provided.,API Question,solved,normal,jessica.martinez@company.com,Jessica Martinez,james.martinez@customer.com,James Martinez,FutureWorks LLC,Billing,2024-04-11 17:51:00,2024-04-12 10:51:00,2024-04-13 12:51:00,"urgent,training,onboarding",43.0,3.71
500477,Export format options,Customer reported: Export format options. Detailed description and context provided.,Data Export,solved,normal,jennifer.garcia@company.com,Jennifer Garcia,robert.garcia@customer.com,Robert Garcia,StartupXYZ,Billing,2024-04-11 17:59:00,2024-04-12 17:59:00,2024-04-12 03:59:00,"integration,bug,onboarding",10.0,5.73
500968,Report generation timeout,Customer reported: Report generation timeout. Detailed description and context provided.,Performance Issue,pending,normal,james.taylor@company.com,James Taylor,jennifer.jones@customer.com,Jennifer Jones,SmartBusiness Co,Billing,2024-04-12 08:01:00,2024-04-13 02:01:00,,"integration,bug,vip",,4.77
500300,Setup API integration,Customer reported: Setup API integration. Detailed description and context provided.,How-to Question,pending,normal,patricia.clark@company.com,Patricia Clark,michael.brown@customer.com,Michael Brown,FutureWorks LLC,Technical Support,2024-04-12 08:57:00,2024-04-15 02:57:00,,"feature,urgent",,1.86
500206,Scheduled export,Customer reported: Scheduled export. Detailed description and context provided.,Data Export,pending,normal,daniel.white@company.com,Daniel White,emily.johnson@customer.com,Emily Johnson,DataFlow Systems,Technical Support,2024-04-12 09:13:00,2024-04-14 14:13:00,,vip,,4.92
500882,New user onboarding,Customer reported: New user onboarding. Detailed description and context provided.,Account Setup,solved,high,jennifer.garcia@company.com,Jennifer Garcia,sarah.garcia@customer.com,Sarah Garcia,StartupXYZ,Technical Support,2024-04-12 09:39:00,2024-04-15 05:39:00,2024-04-13 04:39:00,bug,19.0,5.07
500789,Permission configuration,Customer reported: Permission configuration. Detailed description and context provided.,Account Setup,solved,normal,nicole.davis@company.com,Nicole Davis,lisa.martinez@customer.com,Lisa Martinez,SmartBusiness Co,Technical Support,2024-04-12 09:41:00,2024-04-13 12:41:00,2024-04-14 01:41:00,vip,40.0,3.79
500536,Dashboard not loading,Customer reported: Dashboard not loading. Detailed description and context provided.,Bug Report,solved,normal,chris.brown@company.com,Chris Brown,sarah.smith@customer.com,Sarah Smith,InnovateCo,Customer Success,2024-04-12 09:43:00,2024-04-13 02:43:00,2024-04-12 21:43:00,feature,12.0,4.11
500926,Bulk data retrieval,Customer reported: Bulk data retrieval. Detailed description and context provided.,Data Export,open,low,amanda.taylor@company.com,Amanda Taylor,john.martinez@customer.com,John Martinez,MegaCorp Industries,Technical Support,2024-04-12 09:52:00,2024-04-14 13:52:00,,urgent,,2.19
500158,Payment method update,Customer reported: Payment method update. Detailed description and context provided.,Billing Inquiry,solved,high,michael.thompson@company.com,Michael Thompson,john.williams@customer.com,John Williams,SmartBusiness Co,Product,2024-04-12 09:55:00,2024-04-14 13:55:00,2024-04-13 00:55:00,"feature,escalated",15.0,7.37
500876,Configure SSO,Customer reported: Configure SSO. Detailed description and context provided.,How-to Question,pending,normal,laura.anderson@company.com,Laura Anderson,michael.martinez@customer.com,Michael Martinez,SmartBusiness Co,Customer Success,2024-04-12 10:06:00,2024-04-12 12:06:00,,"training,urgent",,4.15
500188,Refund request,Customer reported: Refund request. Detailed description and context provided.,Billing Inquiry,solved,high,jessica.martinez@company.com,Jessica Martinez,michael.williams@customer.com,Michael Williams,MegaCorp Industries,Technical Support,2024-04-12 10:15:00,2024-04-14 17:15:00,2024-04-13 01:15:00,"urgent,onboarding",15.0,5.11
500562,Bulk data retrieval,Customer reported: Bulk data retrieval. Detailed description and context provided.,Data Export,pending,low,maria.hernandez@company.com,Maria Hernandez,robert.johnson@customer.com,Robert Johnson,SmartBusiness Co,Product,2024-04-12 10:17:00,2024-04-12 14:17:00,,feature,,7.66
500088,Endpoint documentation,Customer reported: Endpoint documentation. Detailed description and context provided.,API Question,pending,high,michael.thompson@company.com,Michael Thompson,sarah.miller@customer.com,Sarah Miller,StartupXYZ,Billing,2024-04-12 10:23:00,2024-04-15 10:23:00,,"escalated,training,onboarding",,0.89
500723,How to export data to CSV,Customer reported: How to export data to CSV. Detailed description and context provided.,How-to Question,open,normal,jennifer.garcia@company.com,Jennifer Garcia,sarah.miller@customer.com,Sarah Miller,StartupXYZ,Customer Success,2024-04-12 10:28:00,2024-04-13 20:28:00,,"bug,vip",,3.12
500762,Cannot access account,Customer reported: Cannot access account. Detailed description and context provided.,Login Problem,solved,normal,sarah.williams@company.com,Sarah Williams,michael.williams@customer.com,Michael Williams,StartupXYZ,Technical Support,2024-04-12 10:39:00,2024-04-13 17:39:00,2024-04-13 00:39:00,"bug,urgent",14.0,5.5
500219,Bulk edit capability,Customer reported: Bulk edit capability. Detailed description and context provided.,Feature Request,solved,normal,amanda.taylor@company.com,Amanda Taylor,robert.brown@customer.com,Robert Brown,MegaCorp Industries,Technical Support,2024-04-12 10:56:00,2024-04-14 11:56:00,2024-04-13 09:56:00,"urgent,vip",23.0,5.84
500200,Custom reporting,Customer reported: Custom reporting. Detailed description and context provided.,Feature Request,pending,normal,jessica.martinez@company.com,Jessica Martinez,emily.miller@customer.com,Emily Miller,InnovateCo,Technical Support,2024-04-12 11:05:00,2024-04-14 09:05:00,,"integration,bug",,6.71
500534,Webhook not firing,Customer reported: Webhook not firing. Detailed description and context provided.,Integration Issue,solved,high,patricia.clark@company.com,Patricia Clark,michael.brown@customer.com,Michael Brown,CloudSolutions Ltd,Technical Support,2024-04-12 11:19:00,2024-04-14 21:19:00,2024-04-13 07:19:00,integration,20.0,7.04
500213,Data export fails,Customer reported: Data export fails. Detailed description and context provided.,Bug Report,open,high,nicole.davis@company.com,Nicole Davis,james.jones@customer.com,James Jones,SmartBusiness Co,Technical Support,2024-04-12 11:49:00,2024-04-13 03:49:00,,integration,,5.84
500975,New user onboarding,Customer reported: New user onboarding. Detailed description and context provided.,Account Setup,open,normal,maria.hernandez@company.com,Maria Hernandez,maria.smith@customer.com,Maria Smith,SmartBusiness Co,Technical Support,2024-04-12 11:54:00,2024-04-13 07:54:00,,integration,,7.51
500515,Slack notifications failed,Customer reported: Slack notifications failed. Detailed description and context provided.,Integration Issue,solved,normal,nicole.davis@company.com,Nicole Davis,sarah.garcia@customer.com,Sarah Garcia,CloudSolutions Ltd,Sales,2024-04-12 11:54:00,2024-04-14 18:54:00,2024-04-14 05:54:00,"vip,urgent,onboarding",42.0,4.44
500858,Custom reporting,Customer reported: Custom reporting. Detailed description and context provided.,Feature Request,pending,normal,patricia.clark@company.com,Patricia Clark,sarah.smith@customer.com,Sarah Smith,Digital Dynamics,Billing,2024-04-12 12:09:00,2024-04-13 05:09:00,,"urgent,bug,training",,6.93
500970,How to export data to CSV,Customer reported: How to export data to CSV. Detailed description and context provided.,How-to Question,pending,normal,jessica.martinez@company.com,Jessica Martinez,jennifer.johnson@customer.com,Jennifer Johnson,StartupXYZ,Technical Support,2024-04-12 12:10:00,2024-04-13 11:10:00,,vip,,7.6
500650,Bulk edit capability,Customer reported: Bulk edit capability. Detailed description and context provided.,Feature Request,solved,low,mike.johnson@company.com,Mike Johnson,lisa.martinez@customer.com,Lisa Martinez,TechCorp Inc,Billing,2024-04-12 12:18:00,2024-04-15 11:18:00,2024-04-14 22:18:00,"integration,feature,onboarding",58.0,1.73
500231,Export format options,Customer reported: Export format options. Detailed description and context provided.,Data Export,open,normal,emily.chen@company.com,Emily Chen,jennifer.rodriguez@customer.com,Jennifer Rodriguez,Enterprise Global,Billing,2024-04-12 12:22:00,2024-04-13 07:22:00,,training,,0.78
500602,Export format options,Customer reported: Export format options. Detailed description and context provided.,Data Export,solved,normal,tom.anderson@company.com,Tom Anderson,david.smith@customer.com,David Smith,Digital Dynamics,Customer Success,2024-04-12 12:26:00,2024-04-14 12:26:00,2024-04-13 00:26:00,"onboarding,bug,vip",12.0,3.64
500631,Configure SSO,Customer reported: Configure SSO. Detailed description and context provided.,How-to Question,solved,high,mike.johnson@company.com,Mike Johnson,emily.martinez@customer.com,Emily Martinez,FutureWorks LLC,Customer Success,2024-04-12 12:43:00,2024-04-14 23:43:00,2024-04-13 10:43:00,"bug,urgent,escalated",22.0,6.28
500203,Dashboard not loading,Customer reported: Dashboard not loading. Detailed description and context provided.,Bug Report,pending,high,jessica.martinez@company.com,Jessica Martinez,jennifer.johnson@customer.com,Jennifer Johnson,CloudSolutions Ltd,Billing,2024-04-12 12:44:00,2024-04-13 01:44:00,,"feature,integration,onboarding",,3.84
500106,Mobile app freeze,Customer reported: Mobile app freeze. Detailed description and context provided.,Bug Report,pending,low,kevin.wilson@company.com,Kevin Wilson,lisa.brown@customer.com,Lisa Brown,Digital Dynamics,Technical Support,2024-04-12 12:49:00,2024-04-14 21:49:00,,"integration,escalated,onboarding",,6.38
500609,Data retention policy,Customer reported: Data retention policy. Detailed description and context provided.,Security Question,solved,low,jennifer.garcia@company.com,Jennifer Garcia,james.martinez@customer.com,James Martinez,CloudSolutions Ltd,Technical Support,2024-04-12 13:05:00,2024-04-15 00:05:00,2024-04-14 17:05:00,"feature,vip",52.0,7.25
500749,Endpoint documentation,Customer reported: Endpoint documentation. Detailed description and context provided.,API Question,solved,high,robert.lee@company.com,Robert Lee,jennifer.martinez@customer.com,Jennifer Martinez,TechCorp Inc,Technical Support,2024-04-12 13:19:00,2024-04-14 17:19:00,2024-04-12 16:19:00,"integration,onboarding",3.0,7.88
500234,Configure SSO,Customer reported: Configure SSO. Detailed description and context provided.,How-to Question,pending,low,chris.brown@company.com,Chris Brown,emily.martinez@customer.com,Emily Martinez,CloudSolutions Ltd,Technical Support,2024-04-12 13:27:00,2024-04-14 06:27:00,,"integration,onboarding",,5.66
500818,CSV contains corrupted files,Customer reported: CSV contains corrupted files. Detailed description and context provided.,Data Export,solved,normal,laura.anderson@company.com,Laura Anderson,john.johnson@customer.com,John Johnson,StartupXYZ,Technical Support,2024-04-12 13:35:00,2024-04-14 09:35:00,2024-04-13 14:35:00,"escalated,onboarding",25.0,3.87
500576,IP whitelist setup,Customer reported: IP whitelist setup. Detailed description and context provided.,Security Question,pending,high,sarah.williams@company.com,Sarah Williams,michael.jones@customer.com,Michael Jones,FutureWorks LLC,Sales,2024-04-12 13:36:00,2024-04-13 06:36:00,,integration,,1.94
500883,IP whitelist setup,Customer reported: IP whitelist setup. Detailed description and context provided.,Security Question,pending,normal,laura.anderson@company.com,Laura Anderson,lisa.jones@customer.com,Lisa Jones,MegaCorp Industries,Billing,2024-04-12 13:40:00,2024-04-15 07:40:00,,"urgent,vip",,7.63
500329,Payment method update,Customer reported: Payment method update. Detailed description and context provided.,Billing Inquiry,open,normal,lisa.moore@company.com,Lisa Moore,david.brown@customer.com,David Brown,InnovateCo,Customer Success,2024-04-12 13:43:00,2024-04-13 15:43:00,,feature,,6.77
500194,Data export fails,Customer reported: Data export fails. Detailed description and context provided.,Bug Report,solved,normal,tom.anderson@company.com,Tom Anderson,emily.rodriguez@customer.com,Emily Rodriguez,Enterprise Global,Sales,2024-04-12 13:53:00,2024-04-13 18:53:00,2024-04-13 11:53:00,training,22.0,4.74
500048,Audit log access,Customer reported: Audit log access. Detailed description and context provided.,Security Question,solved,normal,tom.anderson@company.com,Tom Anderson,jennifer.rodriguez@customer.com,Jennifer Rodriguez,InnovateCo,Technical Support,2024-04-12 13:56:00,2024-04-13 00:56:00,2024-04-13 08:56:00,"training,onboarding,escalated",19.0,4.18
500413,Scheduled export,Customer reported: Scheduled export. Detailed description and context provided.,Data Export,pending,high,robert.lee@company.com,Robert Lee,lisa.rodriguez@customer.com,Lisa Rodriguez,DataFlow Systems,Sales,2024-04-12 13:59:00,2024-04-13 04:59:00,,"bug,training",,7.67
500917,Data export fails,Customer reported: Data export fails. Detailed description and context provided.,Bug Report,solved,high,maria.hernandez@company.com,Maria Hernandez,james.miller@customer.com,James Miller,StartupXYZ,Technical Support,2024-04-12 14:12:00,2024-04-14 04:12:00,2024-04-13 02:12:00,"feature,escalated,vip",12.0,5.13
500216,Rate limit exceeded,Customer reported: Rate limit exceeded. Detailed description and context provided.,API Question,solved,normal,patricia.clark@company.com,Patricia Clark,michael.brown@customer.com,Michael Brown,SmartBusiness Co,Customer Success,2024-04-12 14:20:00,2024-04-14 14:20:00,2024-04-13 01:20:00,escalated,11.0,1.02
500840,Team workspace creation,Customer reported: Team workspace creation. Detailed description and context provided.,Account Setup,open,high,chris.brown@company.com,Chris Brown,maria.smith@customer.com,Maria Smith,MegaCorp Industries,Customer Success,2024-04-12 14:25:00,2024-04-13 04:25:00,,training,,3.27
500065,Workflow automation,Customer reported: Workflow automation. Detailed description and context provided.,Configuration Help,pending,high,patricia.clark@company.com,Patricia Clark,jennifer.smith@customer.com,Jennifer Smith,CloudSolutions Ltd,Technical Support,2024-04-12 14:30:00,2024-04-14 16:30:00,,"onboarding,escalated,urgent",,7.06
500709,Permission configuration,Customer reported: Permission configuration. Detailed description and context provided.,Account Setup,pending,normal,michael.thompson@company.com,Michael Thompson,james.miller@customer.com,James Miller,CloudSolutions Ltd,Billing,2024-04-12 14:35:00,2024-04-15 02:35:00,,onboarding,,5.35
500844,How to export data to CSV,Customer reported: How to export data to CSV. Detailed description and context provided.,How-to Question,solved,normal,michael.thompson@company.com,Michael Thompson,michael.rodriguez@customer.com,Michael Rodriguez,DataFlow Systems,Customer Success,2024-04-12 14:46:00,2024-04-13 00:46:00,2024-04-13 18:46:00,feature,28.0,3.78
500455,Mobile app freeze,Customer reported: Mobile app freeze. Detailed description and context provided.,Bug Report,solved,normal,ryan.miller@company.com,Ryan Miller,emily.williams@customer.com,Emily Williams,StartupXYZ,Customer Success,2024-04-12 14:52:00,2024-04-13 01:52:00,2024-04-14 05:52:00,"feature,onboarding",39.0,7.99
500879,Custom reporting,Customer reported: Custom reporting. Detailed description and context provided.,Feature Request,solved,normal,kevin.wilson@company.com,Kevin Wilson,jennifer.garcia@customer.com,Jennifer Garcia,TechCorp Inc,Sales,2024-04-12 14:55:00,2024-04-14 03:55:00,2024-04-12 20:55:00,"onboarding,bug,feature",6.0,3.03
500611,Cannot access account,Customer reported: Cannot access account. Detailed description and context provided.,Login Problem,solved,normal,michael.thompson@company.com,Michael Thompson,sarah.rodriguez@customer.com,Sarah Rodriguez,StartupXYZ,Billing,2024-04-12 14:57:00,2024-04-15 13:57:00,2024-04-13 01:57:00,"training,vip",11.0,2.4
500981,Application crash on login,Customer reported: Application crash on login. Detailed description and context provided.,Bug Report,solved,high,tom.anderson@company.com,Tom Anderson,david.miller@customer.com,David Miller,InnovateCo,Technical Support,2024-04-12 14:57:00,2024-04-12 21:57:00,2024-04-13 08:57:00,"urgent,escalated",18.0,6.69
500233,Session timeout,Customer reported: Session timeout. Detailed description and context provided.,Login Problem,solved,normal,tom.anderson@company.com,Tom Anderson,maria.johnson@customer.com,Maria Johnson,StartupXYZ,Technical Support,2024-04-12 14:58:00,2024-04-14 13:58:00,2024-04-12 22:58:00,"onboarding,vip",8.0,7.82
500759,Bulk data retrieval,Customer reported: Bulk data retrieval. Detailed description and context provided.,Data Export,solved,normal,laura.anderson@company.com,Laura Anderson,robert.martinez@customer.com,Robert Martinez,Digital Dynamics,Customer Success,2024-04-12 14:59:00,2024-04-14 18:59:00,2024-04-13 05:59:00,"escalated,urgent,onboarding",15.0,0.87
500804,Webhook retry logic,Customer reported: Webhook retry logic. Detailed description and context provided.,API Question,pending,normal,amanda.taylor@company.com,Amanda Taylor,david.rodriguez@customer.com,David Rodriguez,Digital Dynamics,Technical Support,2024-04-12 14:59:00,2024-04-13 04:59:00,,"integration,vip",,7.7
500920,Configure SSO,Customer reported: Configure SSO. Detailed description and context provided.,How-to Question,solved,high,patricia.clark@company.com,Patricia Clark,maria.brown@customer.com,Maria Brown,SmartBusiness Co,Technical Support,2024-04-12 15:04:00,2024-04-14 20:04:00,2024-04-12 20:04:00,training,5.0,2.34
500335,Configure SSO,Customer reported: Configure SSO. Detailed description and context provided.,How-to Question,solved,normal,robert.lee@company.com,Robert Lee,jennifer.jones@customer.com,Jennifer Jones,Enterprise Global,Customer Success,2024-04-12 15:09:00,2024-04-14 21:09:00,2024-04-14 02:09:00,"urgent,feature,training",35.0,5.68
500902,GDPR compliance,Customer reported: GDPR compliance. Detailed description and context provided.,Security Question,solved,normal,sarah.williams@company.com,Sarah Williams,michael.martinez@customer.com,Michael Martinez,Enterprise Global,Customer Success,2024-04-12 15:10:00,2024-04-14 05:10:00,2024-04-13 04:10:00,"integration,onboarding",13.0,2.21
500986,Bulk edit capability,Customer reported: Bulk edit capability. Detailed description and context provided.,Feature Request,solved,normal,kevin.wilson@company.com,Kevin Wilson,robert.garcia@customer.com,Robert Garcia,CloudSolutions Ltd,Product,2024-04-12 15:14:00,2024-04-13 12:14:00,2024-04-14 02:14:00,"integration,onboarding,escalated",35.0,7.48
500847,Password reset not working,Customer reported: Password reset not working. Detailed description and context provided.,Login Problem,solved,normal,lisa.moore@company.com,Lisa Moore,michael.rodriguez@customer.com,Michael Rodriguez,Digital Dynamics,Customer Success,2024-04-12 15:23:00,2024-04-15 03:23:00,2024-04-13 08:23:00,onboarding,17.0,3.62
500713,CSV contains corrupted files,Customer reported: CSV contains corrupted files. Detailed description and context provided.,Data Export,solved,high,sarah.williams@company.com,Sarah Williams,david.williams@customer.com,David Williams,CloudSolutions Ltd,Technical Support,2024-04-12 15:32:00,2024-04-14 16:32:00,2024-04-13 07:32:00,"training,urgent,onboarding",16.0,1.2
500908,Endpoint documentation,Customer reported: Endpoint documentation. Detailed description and context provided.,API Question,open,low,james.taylor@company.com,James Taylor,john.brown@customer.com,John Brown,InnovateCo,Billing,2024-04-12 15:53:00,2024-04-13 08:53:00,,training,,3.98
500664,Endpoint documentation,Customer reported: Endpoint documentation. Detailed description and context provided.,API Question,solved,high,lisa.moore@company.com,Lisa Moore,maria.jones@customer.com,Maria Jones,SmartBusiness Co,Technical Support,2024-04-12 15:56:00,2024-04-15 06:56:00,2024-04-12 19:56:00,"vip,urgent",4.0,1.78
500257,Page load errors,Customer reported: Page load errors. Detailed description and context provided.,Performance Issue,pending,high,emily.chen@company.com,Emily Chen,john.martinez@customer.com,John Martinez,FutureWorks LLC,Technical Support,2024-04-12 16:01:00,2024-04-14 22:01:00,,onboarding,,5.95
500141,2FA issues,Customer reported: 2FA issues. Detailed description and context provided.,Login Problem,pending,normal,james.taylor@company.com,James Taylor,david.johnson@customer.com,David Johnson,FutureWorks LLC,Technical Support,2024-04-12 16:13:00,2024-04-15 06:13:00,,"escalated,feature,bug",,7.66
500714,GDPR compliance,Customer reported: GDPR compliance. Detailed description and context provided.,Security Question,open,high,robert.lee@company.com,Robert Lee,robert.rodriguez@customer.com,Robert Rodriguez,FutureWorks LLC,Billing,2024-04-12 16:14:00,2024-04-13 11:14:00,,"onboarding,feature,vip",,3.04
500421,API timeout,Customer reported: API timeout. Detailed description and context provided.,Integration Issue,solved,normal,tom.anderson@company.com,Tom Anderson,robert.johnson@customer.com,Robert Johnson,SmartBusiness Co,Technical Support,2024-04-12 16:23:00,2024-04-13 11:23:00,2024-04-14 05:23:00,"vip,training,feature",37.0,5.23
500610,Slow dashboard load,Customer reported: Slow dashboard load. Detailed description and context provided.,Performance Issue,solved,low,laura.anderson@company.com,Laura Anderson,emily.williams@customer.com,Emily Williams,Enterprise Global,Technical Support,2024-04-12 16:27:00,2024-04-13 16:27:00,2024-04-13 12:27:00,"integration,onboarding,urgent",20.0,5.74
500343,Email template,Customer reported: Email template. Detailed description and context provided.,Configuration Help,solved,high,robert.lee@company.com,Robert Lee,lisa.davis@customer.com,Lisa Davis,SmartBusiness Co,Technical Support,2024-04-12 16:34:00,2024-04-15 00:34:00,2024-04-13 09:34:00,vip,17.0,3.81
500648,Password reset not working,Customer reported: Password reset not working. Detailed description and context provided.,Login Problem,solved,high,emily.chen@company.com,Emily Chen,emily.brown@customer.com,Emily Brown,TechCorp Inc,Customer Success,2024-04-12 16:36:00,2024-04-14 17:36:00,2024-04-12 18:36:00,training,2.0,5.96
500123,GDPR compliance,Customer reported: GDPR compliance. Detailed description and context provided.,Security Question,solved,normal,laura.anderson@company.com,Laura Anderson,lisa.rodriguez@customer.com,Lisa Rodriguez,InnovateCo,Technical Support,2024-04-12 17:04:00,2024-04-14 08:04:00,2024-04-13 07:04:00,feature,14.0,6.44
500083,Custom reporting,Customer reported: Custom reporting. Detailed description and context provided.,Feature Request,solved,high,amanda.taylor@company.com,Amanda Taylor,robert.brown@customer.com,Robert Brown,FutureWorks LLC,Sales,2024-04-12 17:04:00,2024-04-15 11:04:00,2024-04-13 12:04:00,integration,19.0,3.94
500785,Permission configuration,Customer reported: Permission configuration. Detailed description and context provided.,Account Setup,solved,high,ryan.miller@company.com,Ryan Miller,emily.brown@customer.com,Emily Brown,DataFlow Systems,Customer Success,2024-04-12 17:10:00,2024-04-15 09:10:00,2024-04-13 15:10:00,escalated,22.0,6.17
500829,Email template,Customer reported: Email template. Detailed description and context provided.,Configuration Help,pending,high,amanda.taylor@company.com,Amanda Taylor,jennifer.rodriguez@customer.com,Jennifer Rodriguez,CloudSolutions Ltd,Billing,2024-04-12 17:16:00,2024-04-14 00:16:00,,"feature,bug",,5.51
500685,Audit log access,Customer reported: Audit log access. Detailed description and context provided.,Security Question,solved,high,jessica.martinez@company.com,Jessica Martinez,sarah.johnson@customer.com,Sarah Johnson,SmartBusiness Co,Customer Success,2024-04-12 17:38:00,2024-04-13 18:38:00,2024-04-13 00:38:00,"onboarding,bug,training",7.0,4.06
500660,Workflow automation,Customer reported: Workflow automation. Detailed description and context provided.,Configuration Help,solved,normal,amanda.taylor@company.com,Amanda Taylor,james.davis@customer.com,James Davis,DataFlow Systems,Customer Success,2024-04-12 17:39:00,2024-04-14 03:39:00,2024-04-13 21:39:00,"escalated,onboarding",28.0,1.57
500313,Scheduled export,Customer reported: Scheduled export. Detailed description and context provided.,Data Export,pending,high,sarah.williams@company.com,Sarah Williams,jennifer.williams@customer.com,Jennifer Williams,InnovateCo,Technical Support,2024-04-12 17:46:00,2024-04-15 03:46:00,,"bug,escalated",,4.87
500373,Data export fails,Customer reported: Data export fails. Detailed description and context provided.,Bug Report,solved,high,mike.johnson@company.com,Mike Johnson,sarah.jones@customer.com,Sarah Jones,Digital Dynamics,Technical Support,2024-04-12 17:54:00,2024-04-13 12:54:00,2024-04-13 03:54:00,"urgent,bug",10.0,2.07
500711,CSV contains corrupted files,Customer reported: CSV contains corrupted files. Detailed description and context provided.,Data Export,solved,high,mike.johnson@company.com,Mike Johnson,maria.davis@customer.com,Maria Davis,TechCorp Inc,Billing,2024-04-13 08:12:00,2024-04-14 19:12:00,2024-04-13 11:12:00,onboarding,3.0,1.2
500572,Permission configuration,Customer reported: Permission configuration. Detailed description and context provided.,Account Setup,solved,low,amanda.taylor@company.com,Amanda Taylor,john.williams@customer.com,John Williams,TechCorp Inc,Sales,2024-04-13 09:17:00,2024-04-15 05:17:00,2024-04-14 19:17:00,"training,urgent,escalated",34.0,5.55
500013,Domain setup,Customer reported: Domain setup. Detailed description and context provided.,Account Setup,pending,normal,emily.chen@company.com,Emily Chen,sarah.brown@customer.com,Sarah Brown,InnovateCo,Customer Success,2024-04-13 10:12:00,2024-04-15 10:12:00,,onboarding,,0.66
500037,Subscription upgrade,Customer reported: Subscription upgrade. Detailed description and context provided.,Billing Inquiry,pending,high,jessica.martinez@company.com,Jessica Martinez,lisa.garcia@customer.com,Lisa Garcia,SmartBusiness Co,Technical Support,2024-04-13 10:31:00,2024-04-14 23:31:00,,bug,,1.63
500951,Search delays,Customer reported: Search delays. Detailed description and context provided.,Performance Issue,open,low,jennifer.garcia@company.com,Jennifer Garcia,sarah.davis@customer.com,Sarah Davis,MegaCorp Industries,Technical Support,2024-04-13 11:21:00,2024-04-13 17:21:00,,"bug,onboarding,escalated",,6.99
500299,Dark mode support,Customer reported: Dark mode support. Detailed description and context provided.,Feature Request,solved,low,jennifer.garcia@company.com,Jennifer Garcia,john.martinez@customer.com,John Martinez,FutureWorks LLC,Technical Support,2024-04-13 11:41:00,2024-04-16 10:41:00,2024-04-14 13:41:00,"vip,bug",26.0,2.08
500873,Scheduled export,Customer reported: Scheduled export. Detailed description and context provided.,Data Export,pending,low,emily.chen@company.com,Emily Chen,robert.johnson@customer.com,Robert Johnson,StartupXYZ,Customer Success,2024-04-13 12:25:00,2024-04-15 19:25:00,,"urgent,vip",,7.14
500773,Data retention policy,Customer reported: Data retention policy. Detailed description and context provided.,Security Question,solved,normal,tom.anderson@company.com,Tom Anderson,jennifer.garcia@customer.com,Jennifer Garcia,MegaCorp Industries,Billing,2024-04-13 12:27:00,2024-04-16 05:27:00,2024-04-15 11:27:00,"escalated,feature",47.0,3.96
500195,Cannot access account,Customer reported: Cannot access account. Detailed description and context provided.,Login Problem,solved,high,chris.brown@company.com,Chris Brown,jennifer.rodriguez@customer.com,Jennifer Rodriguez,InnovateCo,Billing,2024-04-13 12:35:00,2024-04-14 23:35:00,2024-04-14 06:35:00,"vip,onboarding",18.0,6.73
500225,Bulk data retrieval,Customer reported: Bulk data retrieval. Detailed description and context provided.,Data Export,solved,normal,sarah.williams@company.com,Sarah Williams,sarah.smith@customer.com,Sarah Smith,DataFlow Systems,Billing,2024-04-13 13:08:00,2024-04-14 00:08:00,2024-04-15 06:08:00,training,41.0,6.57
500814,Audit log access,Customer reported: Audit log access. Detailed description and context provided.,Security Question,solved,high,mike.johnson@company.com,Mike Johnson,lisa.johnson@customer.com,Lisa Johnson,StartupXYZ,Billing,2024-04-13 13:14:00,2024-04-14 20:14:00,2024-04-14 04:14:00,"vip,bug,onboarding",15.0,4.13
500288,Refund request,Customer reported: Refund request. Detailed description and context provided.,Billing Inquiry,open,normal,amanda.taylor@company.com,Amanda Taylor,emily.garcia@customer.com,Emily Garcia,FutureWorks LLC,Billing,2024-04-13 13:20:00,2024-04-14 22:20:00,,"feature,escalated,onboarding",,7.73
500444,Application crash on login,Customer reported: Application crash on login. Detailed description and context provided.,Bug Report,solved,normal,chris.brown@company.com,Chris Brown,michael.johnson@customer.com,Michael Johnson,FutureWorks LLC,Customer Success,2024-04-13 13:39:00,2024-04-16 04:39:00,2024-04-13 22:39:00,"escalated,onboarding",9.0,6.56
500643,Session timeout,Customer reported: Session timeout. Detailed description and context provided.,Login Problem,solved,normal,ryan.miller@company.com,Ryan Miller,david.brown@customer.com,David Brown,Enterprise Global,Billing,2024-04-13 13:44:00,2024-04-13 17:44:00,2024-04-14 03:44:00,"training,onboarding,urgent",14.0,5.49
500253,SLA configuration,Customer reported: SLA configuration. Detailed description and context provided.,Configuration Help,solved,normal,ryan.miller@company.com,Ryan Miller,robert.smith@customer.com,Robert Smith,TechCorp Inc,Product,2024-04-13 13:54:00,2024-04-14 16:54:00,2024-04-14 10:54:00,"bug,onboarding",21.0,1.8
500808,CSV contains corrupted files,Customer reported: CSV contains corrupted files. Detailed description and context provided.,Data Export,open,normal,sarah.williams@company.com,Sarah Williams,emily.johnson@customer.com,Emily Johnson,TechCorp Inc,Billing,2024-04-13 15:16:00,2024-04-14 10:16:00,,training,,4.85
500436,Bulk data retrieval,Customer reported: Bulk data retrieval. Detailed description and context provided.,Data Export,solved,normal,robert.lee@company.com,Robert Lee,lisa.jones@customer.com,Lisa Jones,MegaCorp Industries,Customer Success,2024-04-13 15:34:00,2024-04-16 05:34:00,2024-04-14 02:34:00,vip,11.0,3.24
500630,Mobile app freeze,Customer reported: Mobile app freeze. Detailed description and context provided.,Bug Report,solved,high,tom.anderson@company.com,Tom Anderson,james.brown@customer.com,James Brown,InnovateCo,Sales,2024-04-13 15:46:00,2024-04-15 15:46:00,2024-04-14 14:46:00,"urgent,escalated",23.0,3.21
500384,Bulk edit capability,Customer reported: Bulk edit capability. Detailed description and context provided.,Feature Request,solved,normal,robert.lee@company.com,Robert Lee,jennifer.martinez@customer.com,Jennifer Martinez,Digital Dynamics,Customer Success,2024-04-13 15:59:00,2024-04-14 17:59:00,2024-04-14 08:59:00,"onboarding,escalated,feature",17.0,7.16
500836,Dashboard not loading,Customer reported: Dashboard not loading. Detailed description and context provided.,Bug Report,solved,high,mike.johnson@company.com,Mike Johnson,emily.smith@customer.com,Emily Smith,Enterprise Global,Billing,2024-04-13 16:06:00,2024-04-15 05:06:00,2024-04-14 02:06:00,"vip,escalated,feature",10.0,5.41
500516,GDPR compliance,Customer reported: GDPR compliance. Detailed description and context provided.,Security Question,pending,normal,chris.brown@company.com,Chris Brown,emily.jones@customer.com,Emily Jones,Enterprise Global,Billing,2024-04-13 16:29:00,2024-04-14 21:29:00,,"training,feature,vip",,3.73
500812,GDPR compliance,Customer reported: GDPR compliance. Detailed description and context provided.,Security Question,solved,high,tom.anderson@company.com,Tom Anderson,james.johnson@customer.com,James Johnson,DataFlow Systems,Technical Support,2024-04-13 17:50:00,2024-04-13 22:50:00,2024-04-14 15:50:00,escalated,22.0,4.54
500801,Dark mode support,Customer reported: Dark mode support. Detailed description and context provided.,Feature Request,open,high,emily.chen@company.com,Emily Chen,jennifer.smith@customer.com,Jennifer Smith,Enterprise Global,Billing,2024-04-14 09:02:00,2024-04-16 20:02:00,,"escalated,bug",,6.7
500376,New user onboarding,Customer reported: New user onboarding. Detailed description and context provided.,Account Setup,solved,normal,nicole.davis@company.com,Nicole Davis,michael.brown@customer.com,Michael Brown,SmartBusiness Co,Billing,2024-04-14 10:24:00,2024-04-14 23:24:00,2024-04-15 10:24:00,"urgent,training",24.0,2.36
500224,Invoice discrepancy,Customer reported: Invoice discrepancy. Detailed description and context provided.,Billing Inquiry,open,low,tom.anderson@company.com,Tom Anderson,jennifer.johnson@customer.com,Jennifer Johnson,CloudSolutions Ltd,Product,2024-04-14 11:01:00,2024-04-17 10:01:00,,urgent,,0.96
500356,Create custom fields,Customer reported: Create custom fields. Detailed description and context provided.,How-to Question,open,normal,lisa.moore@company.com,Lisa Moore,david.jones@customer.com,David Jones,SmartBusiness Co,Technical Support,2024-04-14 11:58:00,2024-04-17 07:58:00,,"training,urgent",,6.32
500897,IP whitelist setup,Customer reported: IP whitelist setup. Detailed description and context provided.,Security Question,solved,high,chris.brown@company.com,Chris Brown,james.rodriguez@customer.com,James Rodriguez,Digital Dynamics,Billing,2024-04-14 12:10:00,2024-04-14 21:10:00,2024-04-14 13:10:00,"vip,escalated",1.0,3.63
500016,Search delays,Customer reported: Search delays. Detailed description and context provided.,Performance Issue,pending,high,jennifer.garcia@company.com,Jennifer Garcia,sarah.brown@customer.com,Sarah Brown,InnovateCo,Billing,2024-04-14 12:43:00,2024-04-14 20:43:00,,training,,1.55
500965,Webhook retry logic,Customer reported: Webhook retry logic. Detailed description and context provided.,API Question,solved,normal,james.taylor@company.com,James Taylor,robert.garcia@customer.com,Robert Garcia,DataFlow Systems,Technical Support,2024-04-14 14:44:00,2024-04-15 07:44:00,2024-04-15 00:44:00,"feature,onboarding,bug",10.0,5.88
500281,Team workspace creation,Customer reported: Team workspace creation. Detailed description and context provided.,Account Setup,solved,high,sarah.williams@company.com,Sarah Williams,jennifer.smith@customer.com,Jennifer Smith,SmartBusiness Co,Technical Support,2024-04-14 14:45:00,2024-04-15 06:45:00,2024-04-15 05:45:00,"urgent,integration,feature",15.0,6.79
500116,Page load errors,Customer reported: Page load errors. Detailed description and context provided.,Performance Issue,pending,normal,ryan.miller@company.com,Ryan Miller,jennifer.miller@customer.com,Jennifer Miller,StartupXYZ,Technical Support,2024-04-14 14:55:00,2024-04-16 14:55:00,,training,,5.69
500437,How to export data to CSV,Customer reported: How to export data to CSV. Detailed description and context provided.,How-to Question,pending,high,emily.chen@company.com,Emily Chen,james.brown@customer.com,James Brown,Enterprise Global,Technical Support,2024-04-14 16:05:00,2024-04-15 18:05:00,,"escalated,urgent,onboarding",,5.67
500776,Permission configuration,Customer reported: Permission configuration. Detailed description and context provided.,Account Setup,solved,normal,laura.anderson@company.com,Laura Anderson,john.johnson@customer.com,John Johnson,FutureWorks LLC,Technical Support,2024-04-14 16:06:00,2024-04-16 06:06:00,2024-04-16 08:06:00,"urgent,onboarding,vip",40.0,4.37
500930,Dark mode support,Customer reported: Dark mode support. Detailed description and context provided.,Feature Request,solved,high,jessica.martinez@company.com,Jessica Martinez,michael.rodriguez@customer.com,Michael Rodriguez,FutureWorks LLC,Sales,2024-04-14 17:24:00,2024-04-16 18:24:00,2024-04-15 12:24:00,"vip,training,escalated",19.0,1.4
500725,Create custom fields,Customer reported: Create custom fields. Detailed description and context provided.,How-to Question,pending,high,jessica.martinez@company.com,Jessica Martinez,lisa.johnson@customer.com,Lisa Johnson,MegaCorp Industries,Technical Support,2024-04-14 17:47:00,2024-04-17 04:47:00,,"urgent,feature",,7.57
